{
  "type": "FeatureCollection",
  "features": [
    {
      "type": "Feature",
      "properties": {
        "featureClass": "rail_line",
        "railLineId": "rail-route:ns",
        "railType": "MRT",
        "railLineCode": "NS",
        "routeId": "ns",
        "stationIds": [
          "mrt-station:jurong-east",
          "mrt-station:bukit-batok",
          "mrt-station:bukit-gombak",
          "mrt-station:choa-chu-kang",
          "mrt-station:yew-tee",
          "mrt-station:kranji",
          "mrt-station:marsiling",
          "mrt-station:woodlands",
          "mrt-station:admiralty",
          "mrt-station:sembawang",
          "mrt-station:canberra",
          "mrt-station:yishun",
          "mrt-station:khatib",
          "mrt-station:yio-chu-kang",
          "mrt-station:ang-mo-kio",
          "mrt-station:bishan",
          "mrt-station:braddell",
          "mrt-station:toa-payoh",
          "mrt-station:novena",
          "mrt-station:newton",
          "mrt-station:orchard",
          "mrt-station:somerset",
          "mrt-station:dhoby-ghaut",
          "mrt-station:city-hall",
          "mrt-station:raffles-place",
          "mrt-station:marina-bay",
          "mrt-station:marina-south-pier"
        ],
        "sourceDatasetIds": [
          "d_e8bf3cff62f97300817d1fdcce382584",
          "d_b39d3a0871985372d7e1637193335da5",
          "d_d312a5b127e1ae74299b8ae664cedd4e"
        ],
        "sourceObservedAt": "2026-07-23T03:53:41.031Z",
        "simplificationTolerance": 0.00004,
        "geometrySource": "mixed_authoritative_and_curved_fallback",
        "authoritativeSegments": 5,
        "curvedFallbackSegments": 21
      },
      "geometry": {
        "type": "LineString",
        "coordinates": [
          [
            103.74236508406312,
            1.3332114638253463
          ],
          [
            103.74273561135543,
            1.3340046939519201
          ],
          [
            103.74322167789714,
            1.335024723958528
          ],
          [
            103.74380174720734,
            1.336233008424774
          ],
          [
            103.7444542828052,
            1.3375910019302641
          ],
          [
            103.74515774820983,
            1.3390601590546027
          ],
          [
            103.74589060694036,
            1.3406019343773952
          ],
          [
            103.74663132251598,
            1.3421777824782462
          ],
          [
            103.74735835845574,
            1.3437491579367604
          ],
          [
            103.7480501782788,
            1.3452775153325434
          ],
          [
            103.74868524550432,
            1.3467243092451997
          ],
          [
            103.7492420236514,
            1.3480509942543342
          ],
          [
            103.7496989762392,
            1.3492190249395521
          ],
          [
            103.7500961734178,
            1.3502011907350124
          ],
          [
            103.75048260871655,
            1.3510222253756097
          ],
          [
            103.75085013072311,
            1.351721499892054
          ],
          [
            103.75119058802524,
            1.3523383853150566
          ],
          [
            103.75149582921068,
            1.3529122526753277
          ],
          [
            103.75175770286717,
            1.3534824730035775
          ],
          [
            103.75196805758245,
            1.354088417330517
          ],
          [
            103.75211874194423,
            1.354769456686856
          ],
          [
            103.7522016045403,
            1.3555649621033055
          ],
          [
            103.75220849395836,
            1.356514304610576
          ],
          [
            103.75213125878619,
            1.3576568552393777
          ],
          [
            103.75196174761147,
            1.359031985020421
          ],
          [
            103.75164556218131,
            1.3606911827321362
          ],
          [
            103.75115697787535,
            1.3626242637454773
          ],
          [
            103.75053085373028,
            1.3647780889799388
          ],
          [
            103.7498020487828,
            1.3670995193550155
          ],
          [
            103.74900542206956,
            1.3695354157902029
          ],
          [
            103.7481758326273,
            1.372032639204995
          ],
          [
            103.74734813949266,
            1.374538050518888
          ],
          [
            103.74655720170233,
            1.376998510651376
          ],
          [
            103.745837878293,
            1.379360880521954
          ],
          [
            103.74522502830138,
            1.381572021050117
          ],
          [
            103.74475351076411,
            1.3835787931553603
          ],
          [
            103.74445818471793,
            1.3853280577571785
          ],
          [
            103.74434712722137,
            1.3861150482995457
          ],
          [
            103.74421312734871,
            1.386110235634959
          ],
          [
            103.74410452885378,
            1.3895221653980494
          ],
          [
            103.7441718603736,
            1.3903055425894388
          ],
          [
            103.74433310656292,
            1.3910692064200545
          ],
          [
            103.74457779375624,
            1.3917873785161177
          ],
          [
            103.74489694720121,
            1.3924553223683511
          ],
          [
            103.74664424774245,
            1.3952368213904012
          ],
          [
            103.74687658582901,
            1.3957855278595412
          ],
          [
            103.74710340991403,
            1.396567680054404
          ],
          [
            103.74726709268903,
            1.397499132778915
          ],
          [
            103.74808858546108,
            1.3993150456288663
          ],
          [
            103.74906983890375,
            1.401419534067767
          ],
          [
            103.75018532317264,
            1.4037518008467473
          ],
          [
            103.75140950842334,
            1.4062510487169377
          ],
          [
            103.75271686481143,
            1.4088564804294683
          ],
          [
            103.75408186249248,
            1.4115072987354698
          ],
          [
            103.75547897162213,
            1.4141427063860723
          ],
          [
            103.75688266235593,
            1.416701906132406
          ],
          [
            103.75826740484949,
            1.4191241007256017
          ],
          [
            103.75960766925839,
            1.4213484929167894
          ],
          [
            103.76087792573823,
            1.4233142854570995
          ],
          [
            103.7620526444446,
            1.4249606810976627
          ],
          [
            103.76314827813012,
            1.4263093093433392
          ],
          [
            103.76420314746765,
            1.4274402586959893
          ],
          [
            103.76522452449315,
            1.4283804204022421
          ],
          [
            103.76621968124245,
            1.4291566857087277
          ],
          [
            103.76719588975152,
            1.4297959458620746
          ],
          [
            103.76816042205625,
            1.4303250921089128
          ],
          [
            103.76912055019257,
            1.430771015695872
          ],
          [
            103.77008354619639,
            1.4311606078695807
          ],
          [
            103.7710566821036,
            1.431520759876669
          ],
          [
            103.77204722995015,
            1.4318783629637664
          ],
          [
            103.77306246177194,
            1.4322603083775018
          ],
          [
            103.77410964960487,
            1.4326934873645052
          ],
          [
            103.77518586862038,
            1.4331307207171227
          ],
          [
            103.77628132443384,
            1.4335126493977974
          ],
          [
            103.77739298474707,
            1.4338478949083031
          ],
          [
            103.77851781726189,
            1.4341450787504144
          ],
          [
            103.77965278968011,
            1.4344128224259054
          ],
          [
            103.78079486970357,
            1.4346597474365494
          ],
          [
            103.78194102503409,
            1.4348944752841213
          ],
          [
            103.78308822337348,
            1.4351256274703954
          ],
          [
            103.78423343242355,
            1.4353618254971452
          ],
          [
            103.78537361988614,
            1.435611690866145
          ],
          [
            103.78650575346306,
            1.4358838450791687
          ],
          [
            103.78762680085615,
            1.4361869096379911
          ],
          [
            103.78723343537793,
            1.4371722884263662
          ],
          [
            103.79113970225853,
            1.4385936639037518
          ],
          [
            103.7918664867312,
            1.438708712349512
          ],
          [
            103.79696699399574,
            1.4390437499289022
          ],
          [
            103.79784392993227,
            1.4392770471242458
          ],
          [
            103.80007389914122,
            1.4401526287976532
          ],
          [
            103.80085749444699,
            1.4404069329400087
          ],
          [
            103.80227656360451,
            1.4410113970474454
          ],
          [
            103.80381693516557,
            1.4417420764078988
          ],
          [
            103.80545189473776,
            1.4425668425131226
          ],
          [
            103.80715472792878,
            1.4434535668548718
          ],
          [
            103.80889872034633,
            1.4443701209249011
          ],
          [
            103.81065715759807,
            1.4452843762149645
          ],
          [
            103.81240332529171,
            1.4461642042168166
          ],
          [
            103.81411050903486,
            1.4469774764222116
          ],
          [
            103.81575199443525,
            1.4476920643229043
          ],
          [
            103.81730106710053,
            1.4482758394106494
          ],
          [
            103.81873101263837,
            1.4486966731772009
          ],
          [
            103.82001511665646,
            1.4489224371143135
          ],
          [
            103.82116831092968,
            1.448971317853199
          ],
          [
            103.82222924046992,
            1.4488899379863514
          ],
          [
            103.82320676074065,
            1.4486888229474473
          ],
          [
            103.82410972720523,
            1.448378498170164
          ],
          [
            103.82494699532701,
            1.447969489088178
          ],
          [
            103.8257274205694,
            1.4474723211351668
          ],
          [
            103.82645985839574,
            1.4468975197448073
          ],
          [
            103.82715316426948,
            1.4462556103507762
          ],
          [
            103.82781619365394,
            1.4455571183867506
          ],
          [
            103.82845780201254,
            1.444812569286408
          ],
          [
            103.82908684480864,
            1.4440324884834246
          ],
          [
            103.82971217750563,
            1.4432274014114779
          ],
          [
            103.83033330412118,
            1.4423531672804835
          ],
          [
            103.8309402485247,
            1.4413702142054667
          ],
          [
            103.83152764595707,
            1.4402959209777704
          ],
          [
            103.83209013165926,
            1.4391476663887373
          ],
          [
            103.8326223408722,
            1.4379428292297098
          ],
          [
            103.83311890883682,
            1.4366987882920301
          ],
          [
            103.83357447079403,
            1.4354329223670412
          ],
          [
            103.83398366198477,
            1.4341626102460858
          ],
          [
            103.83434111765,
            1.4329052307205061
          ],
          [
            103.83464147303062,
            1.4316781625816448
          ],
          [
            103.83487936336756,
            1.4304987846208441
          ],
          [
            103.83504942390178,
            1.4293844756294471
          ],
          [
            103.83508968944099,
            1.428396347371705
          ],
          [
            103.83496658005453,
            1.4275543304706761
          ],
          [
            103.8347173088758,
            1.4268140320059146
          ],
          [
            103.83437908903815,
            1.4261310590569747
          ],
          [
            103.83398913367498,
            1.4254610187034105
          ],
          [
            103.83358465591962,
            1.4247595180247763
          ],
          [
            103.83320286890552,
            1.4239821641006265
          ],
          [
            103.83288098576598,
            1.4230845640105145
          ],
          [
            103.83265621963443,
            1.4220223248339952
          ],
          [
            103.83256578364423,
            1.4207510536506225
          ],
          [
            103.83264689092877,
            1.4192263575399506
          ],
          [
            103.83293675462139,
            1.4174038435815333
          ],
          [
            103.83345876857018,
            1.4151847545765595
          ],
          [
            103.83418722362389,
            1.4125546736753611
          ],
          [
            103.83508567841683,
            1.4095957184812116
          ],
          [
            103.8361176915834,
            1.406390006597382
          ],
          [
            103.83724682175794,
            1.4030196556271448
          ],
          [
            103.83843662757482,
            1.3995667831737721
          ],
          [
            103.83965066766837,
            1.3961135068405364
          ],
          [
            103.84085250067297,
            1.3927419442307092
          ],
          [
            103.84200568522297,
            1.389534212947563
          ],
          [
            103.84307377995276,
            1.3865724305943696
          ],
          [
            103.84402034349664,
            1.3839387147744013
          ],
          [
            103.84480893448902,
            1.3817151830909302
          ],
          [
            103.84547839181587,
            1.379902312209262
          ],
          [
            103.84609318534888,
            1.3784108226219298
          ],
          [
            103.84665532020118,
            1.3771881976730491
          ],
          [
            103.8471668014858,
            1.376181920706734
          ],
          [
            103.84762963431582,
            1.3753394750671
          ],
          [
            103.84804582380433,
            1.3746083440982617
          ],
          [
            103.84841737506436,
            1.373936011144334
          ],
          [
            103.84874629320902,
            1.3732699595494315
          ],
          [
            103.84903458335135,
            1.3725576726576694
          ],
          [
            103.84928425060444,
            1.3717466338131619
          ],
          [
            103.84949730008135,
            1.3707843263600243
          ],
          [
            103.84967573689514,
            1.3696182336423712
          ],
          [
            103.84979560759254,
            1.3693012997322467
          ],
          [
            103.85267436013228,
            1.3642278579146776
          ],
          [
            103.8530282221397,
            1.3633986497493844
          ],
          [
            103.85316910640341,
            1.3625806311942597
          ],
          [
            103.85312162472076,
            1.361751792566954
          ],
          [
            103.8529021956213,
            1.3609888437080033
          ],
          [
            103.85247574077471,
            1.3601494143938992
          ],
          [
            103.8525650154719,
            1.360073369302358
          ],
          [
            103.85155350518725,
            1.3580284765247843
          ],
          [
            103.85009659844062,
            1.356102364717966
          ],
          [
            103.84908659882875,
            1.3543401434253401
          ],
          [
            103.84876531801876,
            1.353497173002303
          ],
          [
            103.84834223273113,
            1.3516138006656115
          ],
          [
            103.84842844714272,
            1.3516025869138237
          ],
          [
            103.8486921069671,
            1.3508634014459961
          ],
          [
            103.84855642914302,
            1.349715661718185
          ],
          [
            103.84839640558369,
            1.3486637493911087
          ],
          [
            103.84821795356923,
            1.347695907003472
          ],
          [
            103.84802699037981,
            1.3468003770939787
          ],
          [
            103.84782943329553,
            1.3459654022013334
          ],
          [
            103.84763119959653,
            1.3451792248642402
          ],
          [
            103.84743820656297,
            1.3444300876214035
          ],
          [
            103.84725637147494,
            1.3437062330115277
          ],
          [
            103.84709161161261,
            1.3429959035733166
          ],
          [
            103.84694984425612,
            1.3422873418454748
          ],
          [
            103.84683698668557,
            1.3415687903667066
          ],
          [
            103.8467589561811,
            1.3408284916757165
          ],
          [
            103.84672923431951,
            1.3400995979554688
          ],
          [
            103.84674994507127,
            1.3394160323710842
          ],
          [
            103.84680996930716,
            1.3387671939344956
          ],
          [
            103.84689818789798,
            1.3381424816576382
          ],
          [
            103.84700348171445,
            1.3375312945524453
          ],
          [
            103.84711473162741,
            1.3369230316308518
          ],
          [
            103.84722081850762,
            1.336307091904792
          ],
          [
            103.84731062322584,
            1.3356728743861999
          ],
          [
            103.84737302665283,
            1.3350097780870098
          ],
          [
            103.84739690965942,
            1.3343072020191562
          ],
          [
            103.84737115311633,
            1.333554545194573
          ],
          [
            103.84728463789436,
            1.3327412066251942
          ],
          [
            103.84714519401692,
            1.3318519506680027
          ],
          [
            103.84696993418538,
            1.3308886466280574
          ],
          [
            103.84676166328737,
            1.3298663509394104
          ],
          [
            103.8465231862105,
            1.3288001200361133
          ],
          [
            103.84625730784244,
            1.3277050103522186
          ],
          [
            103.8459668330708,
            1.3265960783217776
          ],
          [
            103.84565456678321,
            1.3254883803788426
          ],
          [
            103.84532331386733,
            1.3243969729574652
          ],
          [
            103.84497587921076,
            1.323336912491697
          ],
          [
            103.84461506770118,
            1.3223232554155904
          ],
          [
            103.84424368422617,
            1.3213710581631974
          ],
          [
            103.84386453367341,
            1.3204953771685695
          ],
          [
            103.8434685323767,
            1.319696968407723
          ],
          [
            103.84304683994381,
            1.3189598877555229
          ],
          [
            103.84260262617323,
            1.3182741414942891
          ],
          [
            103.84213906086349,
            1.3176297359063436
          ],
          [
            103.84165931381305,
            1.3170166772740075
          ],
          [
            103.84116655482045,
            1.3164249718796028
          ],
          [
            103.8406639536842,
            1.31584462600545
          ],
          [
            103.84015468020279,
            1.315265645933871
          ],
          [
            103.83964190417473,
            1.3146780379471865
          ],
          [
            103.83912879539854,
            1.3140718083277187
          ],
          [
            103.83861852367271,
            1.3134369633577885
          ],
          [
            103.83811425879574,
            1.312763509319717
          ],
          [
            103.83756857352489,
            1.3120414761090458
          ],
          [
            103.83694782892543,
            1.311275421351313
          ],
          [
            103.83627587725796,
            1.3104771429238375
          ],
          [
            103.83557657078323,
            1.3096584387039387
          ],
          [
            103.83487376176186,
            1.3088311065689344
          ],
          [
            103.83419130245447,
            1.308006944396144
          ],
          [
            103.83355304512176,
            1.307197750062886
          ],
          [
            103.83298284202436,
            1.306415321446479
          ],
          [
            103.83250454542296,
            1.3056714564242424
          ],
          [
            103.83214200757817,
            1.3049779528734942
          ],
          [
            103.83191908075065,
            1.3043466086715534
          ],
          [
            103.8318596172011,
            1.3037892216957387
          ],
          [
            103.8321652575203,
            1.3031301046264154
          ],
          [
            103.83230399485048,
            1.303100636865323
          ],
          [
            103.83248973267536,
            1.3023283880897287
          ],
          [
            103.83282110302135,
            1.301736881154824
          ],
          [
            103.83333156589441,
            1.3012124798562394
          ],
          [
            103.83399311897796,
            1.300828069565114
          ],
          [
            103.83452793127528,
            1.3006752091075227
          ],
          [
            103.83498730442581,
            1.3006403835670057
          ],
          [
            103.83640212884686,
            1.3008445805709206
          ],
          [
            103.8368667307003,
            1.3008554106320926
          ],
          [
            103.83835422955647,
            1.300511992747112
          ],
          [
            103.83883951102648,
            1.3003680916322324
          ],
          [
            103.83940493475434,
            1.300218751858594
          ],
          [
            103.83996505491632,
            1.3001266836685015
          ],
          [
            103.84052090391356,
            1.3000784996528192
          ],
          [
            103.84107351414727,
            1.3000608124024118
          ],
          [
            103.8416239180186,
            1.3000602345081433
          ],
          [
            103.84217314792872,
            1.300063378560879
          ],
          [
            103.84272223627882,
            1.3000568571514828
          ],
          [
            103.84327221547001,
            1.3000272828708195
          ],
          [
            103.84382411790351,
            1.2999612683097534
          ],
          [
            103.84437897598049,
            1.2998454260591492
          ],
          [
            103.8449378221021,
            1.2996663687098708
          ],
          [
            103.84550168866949,
            1.2994107088527835
          ],
          [
            103.84609560509541,
            1.2990878584109518
          ],
          [
            103.84673437293199,
            1.298718411236291
          ],
          [
            103.84740368278979,
            1.2983057528129442
          ],
          [
            103.84808922527937,
            1.2978532686250528
          ],
          [
            103.84877669101125,
            1.297364344156758
          ],
          [
            103.84945177059595,
            1.2968423648922032
          ],
          [
            103.85010015464402,
            1.296290716315529
          ],
          [
            103.85070753376598,
            1.2957127839108777
          ],
          [
            103.85125959857237,
            1.2951119531623914
          ],
          [
            103.85174203967371,
            1.294491609554212
          ],
          [
            103.85214054768055,
            1.2938551385704808
          ],
          [
            103.85244081320342,
            1.2932059256953403
          ],
          [
            103.8526190844843,
            1.2925255490488596
          ],
          [
            103.85267585701125,
            1.2917985923611095
          ],
          [
            103.85263319226367,
            1.2910329495312343
          ],
          [
            103.85251315172103,
            1.2902365144583794
          ],
          [
            103.85233779686284,
            1.2894171810416892
          ],
          [
            103.85212918916854,
            1.2885828431803086
          ],
          [
            103.8519093901176,
            1.2877413947733827
          ],
          [
            103.85170046118948,
            1.2869007297200556
          ],
          [
            103.85152446386367,
            1.286068741919473
          ],
          [
            103.85140345961962,
            1.2852533252707785
          ],
          [
            103.8513595099368,
            1.284462373673118
          ],
          [
            103.8514146762947,
            1.2837037810256358
          ],
          [
            103.85154523822224,
            1.282960266502374
          ],
          [
            103.85171203380575,
            1.2822122216877483
          ],
          [
            103.85191396236067,
            1.2814640490964608
          ],
          [
            103.85214992320245,
            1.2807201512432145
          ],
          [
            103.8524188156465,
            1.2799849306427122
          ],
          [
            103.8527195390083,
            1.2792627898096567
          ],
          [
            103.8530509926033,
            1.2785581312587506
          ],
          [
            103.85341207574695,
            1.2778753575046968
          ],
          [
            103.85380168775467,
            1.2772188710621986
          ],
          [
            103.85421872794191,
            1.276593074445958
          ],
          [
            103.85466209562415,
            1.276002370170678
          ],
          [
            103.8551306901168,
            1.2754511607510617
          ],
          [
            103.85475756169367,
            1.27545774581069
          ],
          [
            103.85496111582485,
            1.2746687426835415
          ],
          [
            103.85526737632019,
            1.2740152550301485
          ],
          [
            103.85574276799578,
            1.273358492064502
          ],
          [
            103.85629533764302,
            1.2728384239838282
          ],
          [
            103.8585732960695,
            1.270935714643388
          ],
          [
            103.85931246514161,
            1.2705091463715388
          ],
          [
            103.85996581575256,
            1.2703372958736232
          ],
          [
            103.86058724654424,
            1.2703187806207277
          ],
          [
            103.86122609515857,
            1.2704438736536898
          ],
          [
            103.86180617842709,
            1.270701909723169
          ],
          [
            103.86195806596683,
            1.2706329221751953
          ],
          [
            103.8629548603669,
            1.2709839133404244
          ]
        ]
      }
    },
    {
      "type": "Feature",
      "properties": {
        "featureClass": "rail_line",
        "railLineId": "rail-route:ew",
        "railType": "MRT",
        "railLineCode": "EW",
        "routeId": "ew",
        "stationIds": [
          "mrt-station:pasir-ris",
          "mrt-station:tampines",
          "mrt-station:simei",
          "mrt-station:tanah-merah",
          "mrt-station:bedok",
          "mrt-station:kembangan",
          "mrt-station:eunos",
          "mrt-station:paya-lebar",
          "mrt-station:aljunied",
          "mrt-station:kallang",
          "mrt-station:lavender",
          "mrt-station:bugis",
          "mrt-station:city-hall",
          "mrt-station:raffles-place",
          "mrt-station:tanjong-pagar",
          "mrt-station:outram-park",
          "mrt-station:tiong-bahru",
          "mrt-station:redhill",
          "mrt-station:queenstown",
          "mrt-station:commonwealth",
          "mrt-station:buona-vista",
          "mrt-station:dover",
          "mrt-station:clementi",
          "mrt-station:jurong-east",
          "mrt-station:chinese-garden",
          "mrt-station:lakeside",
          "mrt-station:boon-lay",
          "mrt-station:pioneer",
          "mrt-station:joo-koon",
          "mrt-station:gul-circle",
          "mrt-station:tuas-crescent",
          "mrt-station:tuas-west-road",
          "mrt-station:tuas-link"
        ],
        "sourceDatasetIds": [
          "d_e8bf3cff62f97300817d1fdcce382584",
          "d_b39d3a0871985372d7e1637193335da5",
          "d_d312a5b127e1ae74299b8ae664cedd4e"
        ],
        "sourceObservedAt": "2026-07-23T03:53:41.031Z",
        "simplificationTolerance": 0.00004,
        "geometrySource": "mixed_authoritative_and_curved_fallback",
        "authoritativeSegments": 8,
        "curvedFallbackSegments": 24
      },
      "geometry": {
        "type": "LineString",
        "coordinates": [
          [
            103.94923518349682,
            1.3728641027162678
          ],
          [
            103.94914117867249,
            1.3722463708015906
          ],
          [
            103.94805670955982,
            1.3683737660743531
          ],
          [
            103.94749419261584,
            1.3669118748210811
          ],
          [
            103.94745574514127,
            1.3669210025820182
          ],
          [
            103.94588974404532,
            1.3641757641105348
          ],
          [
            103.94528418534503,
            1.3629040914167219
          ],
          [
            103.9448871884396,
            1.3618180192817297
          ],
          [
            103.94355580974573,
            1.3574998241741152
          ],
          [
            103.94347617821383,
            1.3565688144575572
          ],
          [
            103.94363572945049,
            1.3556261003642815
          ],
          [
            103.94401875764271,
            1.3547014732033371
          ],
          [
            103.94378200066225,
            1.3543165275390319
          ],
          [
            103.94413366468046,
            1.3531168533594495
          ],
          [
            103.94476782593969,
            1.3520220273456394
          ],
          [
            103.94562617484675,
            1.3510130557621862
          ],
          [
            103.94665040180854,
            1.3500709448736752
          ],
          [
            103.94778219723194,
            1.3491767009446918
          ],
          [
            103.94896325152378,
            1.3483113302398202
          ],
          [
            103.95013525509096,
            1.3474558390236457
          ],
          [
            103.95123989834033,
            1.3465912335607537
          ],
          [
            103.95221887167875,
            1.3456985201157283
          ],
          [
            103.95301386551307,
            1.344758704953156
          ],
          [
            103.95356657025022,
            1.3437527943376206
          ],
          [
            103.95381867629699,
            1.3426617945337078
          ],
          [
            103.95389265701262,
            1.342674248456858
          ],
          [
            103.95378833097745,
            1.3425861994742214
          ],
          [
            103.9551796440425,
            1.340929066797907
          ],
          [
            103.9555537009623,
            1.3403118604622182
          ],
          [
            103.95584291102404,
            1.3396500841380083
          ],
          [
            103.95649468093373,
            1.3368152268605735
          ],
          [
            103.95656020905584,
            1.3359321281050993
          ],
          [
            103.95650264311821,
            1.335048466710104
          ],
          [
            103.95633682081525,
            1.334231009179705
          ],
          [
            103.95606672921063,
            1.3334452827956955
          ],
          [
            103.95568775409262,
            1.332686904301561
          ],
          [
            103.95526159563502,
            1.3320829651535595
          ],
          [
            103.95446751394559,
            1.3313394232131337
          ],
          [
            103.95307629120802,
            1.3304967034386364
          ],
          [
            103.95206425995903,
            1.3297487968306796
          ],
          [
            103.95145672977472,
            1.329369785162312
          ],
          [
            103.94969630681749,
            1.3285224343756745
          ],
          [
            103.94730713516672,
            1.3277983896926289
          ],
          [
            103.945333658256,
            1.3270735941495568
          ],
          [
            103.9434541612243,
            1.3262088355731911
          ],
          [
            103.94120038841317,
            1.3254666678945186
          ],
          [
            103.94029760041366,
            1.325292005922971
          ],
          [
            103.9333302007227,
            1.3243800278588367
          ],
          [
            103.93094696531308,
            1.3241843179544848
          ],
          [
            103.93096305665544,
            1.3240482296306575
          ],
          [
            103.9408748068058,
            1.3253465102437305
          ],
          [
            103.94199141219704,
            1.325621762858803
          ],
          [
            103.94584172689477,
            1.326861239791476
          ],
          [
            103.94575888475583,
            1.32695951210127
          ],
          [
            103.94468722272377,
            1.326265138767103
          ],
          [
            103.94351559315069,
            1.3257249739298707
          ],
          [
            103.94225813431659,
            1.3253170437200514
          ],
          [
            103.94092898450143,
            1.325019374268125
          ],
          [
            103.93954228198517,
            1.32480999170457
          ],
          [
            103.93811216504784,
            1.3246669221598653
          ],
          [
            103.93665277196938,
            1.3245681917644898
          ],
          [
            103.93517824102979,
            1.3244918266489225
          ],
          [
            103.93370271050904,
            1.3244158529436427
          ],
          [
            103.93224031868711,
            1.3243182967791294
          ],
          [
            103.93080520384399,
            1.324177184285861
          ],
          [
            103.92941150425963,
            1.3239705415943166
          ],
          [
            103.928021679467,
            1.3237196287894948
          ],
          [
            103.92659641649976,
            1.3234619465104174
          ],
          [
            103.9251471948891,
            1.3231998817185981
          ],
          [
            103.92368549416614,
            1.322935821375552
          ],
          [
            103.92222279386202,
            1.322672152442793
          ],
          [
            103.92077057350788,
            1.3224112618818358
          ],
          [
            103.91934031263489,
            1.3221555366541944
          ],
          [
            103.91794349077415,
            1.3219073637213838
          ],
          [
            103.91659158745682,
            1.3216691300449177
          ],
          [
            103.91529608221406,
            1.321443222586311
          ],
          [
            103.91406845457702,
            1.3212320283070778
          ],
          [
            103.9129201840768,
            1.321037934168733
          ],
          [
            103.91186060768312,
            1.320863379625546
          ],
          [
            103.91088314397908,
            1.3207073130994909
          ],
          [
            103.90997539491593,
            1.3205668850036387
          ],
          [
            103.90912496244495,
            1.3204392457510605
          ],
          [
            103.90831944851735,
            1.3203215457548272
          ],
          [
            103.90754645508446,
            1.3202109354280098
          ],
          [
            103.90679358409749,
            1.3201045651836791
          ],
          [
            103.90604843750774,
            1.3199995854349058
          ],
          [
            103.90529861726644,
            1.319893146594761
          ],
          [
            103.90453172532484,
            1.3197823990763153
          ],
          [
            103.90373536363425,
            1.3196644932926402
          ],
          [
            103.90289713414589,
            1.3195365796568062
          ],
          [
            103.9020262407537,
            1.3194005196338583
          ],
          [
            103.90114206562504,
            1.319260606432747
          ],
          [
            103.90024747812156,
            1.3191176380824037
          ],
          [
            103.89934534760492,
            1.3189724126117583
          ],
          [
            103.89843854343674,
            1.3188257280497415
          ],
          [
            103.89752993497866,
            1.3186783824252835
          ],
          [
            103.89662239159229,
            1.3185311737673147
          ],
          [
            103.89571878263929,
            1.318384900104766
          ],
          [
            103.89482197748129,
            1.3182403594665675
          ],
          [
            103.89393484547992,
            1.3180983498816494
          ],
          [
            103.89306025599679,
            1.317959669378943
          ],
          [
            103.89220107839355,
            1.3178251159873782
          ],
          [
            103.89136061532737,
            1.317704866026354
          ],
          [
            103.8905378382766,
            1.317604524758473
          ],
          [
            103.88972911983437,
            1.3175180336274699
          ],
          [
            103.88893083259396,
            1.3174393340770818
          ],
          [
            103.88813934914852,
            1.317362367551044
          ],
          [
            103.88735104209127,
            1.3172810754930921
          ],
          [
            103.88656228401544,
            1.3171893993469623
          ],
          [
            103.88576944751425,
            1.31708128055639
          ],
          [
            103.88496890518088,
            1.3169506605651113
          ],
          [
            103.88415702960856,
            1.316791480816862
          ],
          [
            103.88333019339052,
            1.3165976827553771
          ],
          [
            103.88248476911991,
            1.3163632078243936
          ],
          [
            103.88205068043341,
            1.3163484748053516
          ],
          [
            103.87834573085055,
            1.315634207324491
          ],
          [
            103.87768869502402,
            1.3154491265176615
          ],
          [
            103.8768490493459,
            1.3150400295351363
          ],
          [
            103.874937219563,
            1.3137377983169718
          ],
          [
            103.87494331820854,
            1.3136949078257214
          ],
          [
            103.87200531110051,
            1.3117960114332312
          ],
          [
            103.87165882001496,
            1.3116611267596656
          ],
          [
            103.87084592465129,
            1.3113005294151592
          ],
          [
            103.87004433953109,
            1.3109619497838159
          ],
          [
            103.86925495619093,
            1.3106390554661258
          ],
          [
            103.86847866616735,
            1.3103255140625794
          ],
          [
            103.8677163609969,
            1.3100149931736667
          ],
          [
            103.86696893221617,
            1.3097011603998778
          ],
          [
            103.86623727136173,
            1.3093776833417035
          ],
          [
            103.86552226997007,
            1.3090382295996335
          ],
          [
            103.86482481957783,
            1.3086764667741582
          ],
          [
            103.86414581172154,
            1.3082860624657682
          ],
          [
            103.86348613793777,
            1.307860684274953
          ],
          [
            103.86284668976306,
            1.3073939998022035
          ],
          [
            103.8622275845152,
            1.3068807172340338
          ],
          [
            103.86162792426566,
            1.3063243771249633
          ],
          [
            103.86104707768146,
            1.3057318956274901
          ],
          [
            103.86048441342962,
            1.3051101888941132
          ],
          [
            103.85993930017717,
            1.3044661730773315
          ],
          [
            103.85941110659114,
            1.3038067643296427
          ],
          [
            103.85889920133856,
            1.3031388788035458
          ],
          [
            103.85840295308645,
            1.302469432651539
          ],
          [
            103.85792173050184,
            1.3018053420261209
          ],
          [
            103.85745490225175,
            1.30115352307979
          ],
          [
            103.85700183700322,
            1.3005208919650446
          ],
          [
            103.85656190342326,
            1.2999143648343838
          ],
          [
            103.8561328739961,
            1.2993372194621358
          ],
          [
            103.85571401993857,
            1.2987839968110573
          ],
          [
            103.85530695801664,
            1.2982485078162873
          ],
          [
            103.85491330499624,
            1.2977245634129664
          ],
          [
            103.85453467764334,
            1.2972059745362339
          ],
          [
            103.8541726927239,
            1.29668655212123
          ],
          [
            103.85382896700389,
            1.2961601071030948
          ],
          [
            103.85350511724923,
            1.2956204504169677
          ],
          [
            103.8532027602259,
            1.295061392997989
          ],
          [
            103.85292351269986,
            1.294476745781298
          ],
          [
            103.85266899143706,
            1.2938603197020353
          ],
          [
            103.85244081320346,
            1.2932059256953399
          ],
          [
            103.85225953201967,
            1.2925045570290583
          ],
          [
            103.85213646397243,
            1.2917572338534828
          ],
          [
            103.85205936892663,
            1.290972807427428
          ],
          [
            103.85201600674722,
            1.2901601290097076
          ],
          [
            103.85199413729913,
            1.2893280498591357
          ],
          [
            103.8519815204473,
            1.2884854212345256
          ],
          [
            103.8519659160567,
            1.287641094394691
          ],
          [
            103.85193508399223,
            1.2868039205984463
          ],
          [
            103.85187678411887,
            1.285982751104604
          ],
          [
            103.85177877630153,
            1.2851864371719794
          ],
          [
            103.85162882040515,
            1.284423830059385
          ],
          [
            103.8514146762947,
            1.2837037810256355
          ],
          [
            103.8511455944348,
            1.282986951959787
          ],
          [
            103.85084081435936,
            1.2822386535998065
          ],
          [
            103.85050307953729,
            1.2814747104778723
          ],
          [
            103.85013513343743,
            1.2807109471261628
          ],
          [
            103.84973971952866,
            1.2799631880768565
          ],
          [
            103.84931958127986,
            1.279247257862132
          ],
          [
            103.84887746215989,
            1.2785789810141672
          ],
          [
            103.8484161056376,
            1.2779741820651416
          ],
          [
            103.8479382551819,
            1.2774486855472327
          ],
          [
            103.84744665426163,
            1.277018315992619
          ],
          [
            103.84694404634568,
            1.2766988979334795
          ],
          [
            103.8464331749029,
            1.2765062559019924
          ],
          [
            103.84591752734883,
            1.2764547406551117
          ],
          [
            103.84539633007289,
            1.276536221366706
          ],
          [
            103.84486593500448,
            1.276732800194322
          ],
          [
            103.84432269407316,
            1.2770265792955076
          ],
          [
            103.8437629592084,
            1.27739966082781
          ],
          [
            103.84318308233972,
            1.277834146948777
          ],
          [
            103.8425794153966,
            1.2783121398159563
          ],
          [
            103.84194831030857,
            1.278815741586895
          ],
          [
            103.84128611900509,
            1.2793270544191409
          ],
          [
            103.8405891934157,
            1.2798281804702412
          ],
          [
            103.83985388546988,
            1.2803012218977439
          ],
          [
            103.83907654709712,
            1.2807282808591962
          ],
          [
            103.83824173919353,
            1.2811400261949972
          ],
          [
            103.83734361658809,
            1.2815754993589858
          ],
          [
            103.8363929221096,
            1.282029361428868
          ],
          [
            103.83540039858686,
            1.282496273482351
          ],
          [
            103.83437678884869,
            1.2829708965971411
          ],
          [
            103.83333283572392,
            1.283447891850945
          ],
          [
            103.83227928204134,
            1.2839219203214687
          ],
          [
            103.83122687062976,
            1.2843876430864196
          ],
          [
            103.83018634431801,
            1.2848397212235037
          ],
          [
            103.82916844593488,
            1.2852728158104276
          ],
          [
            103.8281839183092,
            1.2856815879248982
          ],
          [
            103.82724350426977,
            1.286060698644622
          ],
          [
            103.82634364298193,
            1.2864035798723443
          ],
          [
            103.82547034901042,
            1.286711876188678
          ],
          [
            103.82461872828306,
            1.2869925676881302
          ],
          [
            103.82378388672768,
            1.2872526344652084
          ],
          [
            103.82296093027212,
            1.28749905661442
          ],
          [
            103.82214496484423,
            1.2877388142302726
          ],
          [
            103.8213310963718,
            1.2879788874072728
          ],
          [
            103.8205144307827,
            1.2882262562399287
          ],
          [
            103.81969007400477,
            1.288487900822747
          ],
          [
            103.81885313196581,
            1.2887708012502355
          ],
          [
            103.81799871059367,
            1.2890819376169014
          ],
          [
            103.81712191581619,
            1.2894282900172518
          ],
          [
            103.8162131076542,
            1.289801581075511
          ],
          [
            103.81527149056332,
            1.290188928722176
          ],
          [
            103.81430543712354,
            1.2905904060111666
          ],
          [
            103.8133233199149,
            1.2910060859964008
          ],
          [
            103.8123335115174,
            1.2914360417317978
          ],
          [
            103.8113443845111,
            1.2918803462712762
          ],
          [
            103.81036431147598,
            1.292339072668755
          ],
          [
            103.80940166499207,
            1.2928122939781526
          ],
          [
            103.80846481763938,
            1.293300083253388
          ],
          [
            103.80756214199795,
            1.2938025135483797
          ],
          [
            103.80670201064775,
            1.2943196579170468
          ],
          [
            103.80589279616888,
            1.2948515894133084
          ],
          [
            103.80562824971722,
            1.2951360323158885
          ],
          [
            103.80494314749278,
            1.296336214343659
          ],
          [
            103.80439253396807,
            1.2970025439899062
          ],
          [
            103.79875037606654,
            1.301958218233248
          ],
          [
            103.79883279834915,
            1.3020538441717726
          ],
          [
            103.79837875141848,
            1.3023726758900007
          ],
          [
            103.79775712706409,
            1.3028559747443347
          ],
          [
            103.79715671995365,
            1.3033028939923814
          ],
          [
            103.79656998106582,
            1.3037186982995455
          ],
          [
            103.7959893613792,
            1.3041086523312306
          ],
          [
            103.79540731187241,
            1.3044780207528417
          ],
          [
            103.79481628352407,
            1.304832068229783
          ],
          [
            103.79420872731285,
            1.3051760594274588
          ],
          [
            103.79357709421734,
            1.305515259011273
          ],
          [
            103.79291383521614,
            1.3058549316466304
          ],
          [
            103.79221140128793,
            1.3062003419989352
          ],
          [
            103.79146224341132,
            1.306556754733592
          ],
          [
            103.79065881256489,
            1.306929434516004
          ],
          [
            103.78979777215447,
            1.3073169386176242
          ],
          [
            103.78888523418898,
            1.3077126056671156
          ],
          [
            103.78792782255152,
            1.3081138723657029
          ],
          [
            103.78693216112525,
            1.308518175414609
          ],
          [
            103.7859048737933,
            1.3089229515150582
          ],
          [
            103.78485258443888,
            1.3093256373682745
          ],
          [
            103.78378191694507,
            1.309723669675481
          ],
          [
            103.78269949519506,
            1.3101144851379023
          ],
          [
            103.78161194307198,
            1.3104955204567619
          ],
          [
            103.78052588445902,
            1.3108642123332832
          ],
          [
            103.7794479432393,
            1.3112179974686904
          ],
          [
            103.77838474329597,
            1.3115543125642066
          ],
          [
            103.77794563509202,
            1.3118009279420826
          ],
          [
            103.7769539175596,
            1.3122840487034302
          ],
          [
            103.77588888889656,
            1.312488880910408
          ],
          [
            103.77517119498185,
            1.3124661239795872
          ],
          [
            103.77225336081803,
            1.312112689953099
          ],
          [
            103.77225769805035,
            1.3121523256293808
          ],
          [
            103.76925026099651,
            1.3118557984515349
          ],
          [
            103.76856995778063,
            1.3119043533190706
          ],
          [
            103.76792585949629,
            1.3120672133421203
          ],
          [
            103.76711794696699,
            1.312459584689181
          ],
          [
            103.76647711321903,
            1.3129822420473183
          ],
          [
            103.76598275211146,
            1.3136241752571163
          ],
          [
            103.76556604978634,
            1.3144955621062175
          ],
          [
            103.76537190030689,
            1.3147708499395085
          ],
          [
            103.76376183468356,
            1.3158052843471084
          ],
          [
            103.76196038342576,
            1.3170750279727117
          ],
          [
            103.76000820754761,
            1.3185368853281654
          ],
          [
            103.75794596806327,
            1.3201476609253169
          ],
          [
            103.75581432598689,
            1.321864159276014
          ],
          [
            103.7536539423326,
            1.323643184892104
          ],
          [
            103.75150547811455,
            1.325441542285434
          ],
          [
            103.74940959434689,
            1.3272160359678518
          ],
          [
            103.74740695204378,
            1.3289234704512043
          ],
          [
            103.74553821221933,
            1.3305206502473395
          ],
          [
            103.74384403588773,
            1.3319643798681045
          ],
          [
            103.7423650840631,
            1.3332114638253465
          ],
          [
            103.74216706173918,
            1.3338232045288303
          ],
          [
            103.74208666705984,
            1.3339689505452887
          ],
          [
            103.74157081471986,
            1.3340501041868402
          ],
          [
            103.74037982748487,
            1.3361962029633323
          ],
          [
            103.7397422224992,
            1.3369760382268143
          ],
          [
            103.73703574585906,
            1.3391293303066325
          ],
          [
            103.73449466718856,
            1.3410248243483396
          ],
          [
            103.73350586000362,
            1.3416528225559003
          ],
          [
            103.73278503871252,
            1.341995553045827
          ],
          [
            103.73189559885746,
            1.3424306444922873
          ],
          [
            103.73099935669487,
            1.342825331230405
          ],
          [
            103.73009365820151,
            1.3431776725780464
          ],
          [
            103.72917584935418,
            1.3434857278530787
          ],
          [
            103.72824327612966,
            1.3437475563733692
          ],
          [
            103.72729328450474,
            1.3439612174567843
          ],
          [
            103.72632322045618,
            1.3441247704211916
          ],
          [
            103.72533042996078,
            1.3442362745844574
          ],
          [
            103.72431225899534,
            1.344293789264449
          ],
          [
            103.72326605353659,
            1.3442953737790333
          ],
          [
            103.72218915956134,
            1.3442390874460772
          ],
          [
            103.72107892304638,
            1.3441229895834477
          ],
          [
            103.7199052109165,
            1.3439094511092564
          ],
          [
            103.71865174287646,
            1.3435766433519016
          ],
          [
            103.71733664407299,
            1.3431463262446797
          ],
          [
            103.71597803965275,
            1.3426402597208869
          ],
          [
            103.71459405476246,
            1.34208020371382
          ],
          [
            103.71320281454878,
            1.3414879181567751
          ],
          [
            103.71182244415844,
            1.340885162983049
          ],
          [
            103.71047106873812,
            1.340293698125938
          ],
          [
            103.70916681343452,
            1.3397352835187384
          ],
          [
            103.70792780339434,
            1.339231679094747
          ],
          [
            103.70677216376428,
            1.3388046447872597
          ],
          [
            103.70571801969103,
            1.3384759405295736
          ],
          [
            103.70479760098438,
            1.3382638819830703
          ],
          [
            103.70401164463588,
            1.3381563864595794
          ],
          [
            103.70333103656507,
            1.3381296163680676
          ],
          [
            103.70272666269148,
            1.3381597341175009
          ],
          [
            103.70216940893462,
            1.3382229021168452
          ],
          [
            103.70163016121398,
            1.338295282775068
          ],
          [
            103.70107980544911,
            1.3383530385011349
          ],
          [
            103.70048922755947,
            1.3383723317040128
          ],
          [
            103.69982931346463,
            1.3383293247926678
          ],
          [
            103.69907094908406,
            1.3382001801760663
          ],
          [
            103.69818502033732,
            1.3379610602631746
          ],
          [
            103.69714241314387,
            1.3375881274629595
          ],
          [
            103.6967404494793,
            1.3375323637298004
          ],
          [
            103.69537841578298,
            1.3374840592544193
          ],
          [
            103.69390354605989,
            1.3371653759436215
          ],
          [
            103.69306029197791,
            1.3367228070906485
          ],
          [
            103.6925753246534,
            1.336310166811187
          ],
          [
            103.6913072874042,
            1.334816805816684
          ],
          [
            103.6909743637419,
            1.3344601486789593
          ],
          [
            103.68871695568578,
            1.3314425772976448
          ],
          [
            103.68842454331313,
            1.3308532273130693
          ],
          [
            103.6880209196866,
            1.3296677969046884
          ],
          [
            103.68775910789616,
            1.3291851814476887
          ],
          [
            103.68722132833479,
            1.3285645430730963
          ],
          [
            103.68678187644736,
            1.3282378478993053
          ],
          [
            103.6860343673901,
            1.3279029831951061
          ],
          [
            103.6853559311406,
            1.327779572128569
          ],
          [
            103.680146107428,
            1.3277731854389978
          ],
          [
            103.67969714925124,
            1.327692582426579
          ],
          [
            103.67896003470236,
            1.3276827419893826
          ],
          [
            103.67858239304405,
            1.3277290979482586
          ],
          [
            103.67700681293269,
            1.3269243815757055
          ],
          [
            103.67538946545264,
            1.326076023762036
          ],
          [
            103.67374408132805,
            1.3252010361367357
          ],
          [
            103.67208439128312,
            1.3243164303292922
          ],
          [
            103.67042412604194,
            1.3234392179691923
          ],
          [
            103.6687770163287,
            1.322586410685922
          ],
          [
            103.66715679286752,
            1.3217750201089682
          ],
          [
            103.66557718638259,
            1.3210220578678178
          ],
          [
            103.66405192759805,
            1.3203445355919572
          ],
          [
            103.66259474723805,
            1.319759464910873
          ],
          [
            103.66121937602674,
            1.3192838574540522
          ],
          [
            103.65993954468826,
            1.3189347248509813
          ],
          [
            103.65988655346177,
            1.3189059344851226
          ],
          [
            103.65985357635441,
            1.318937812688483
          ],
          [
            103.65771985019494,
            1.3167321812054926
          ],
          [
            103.6572844990185,
            1.316419090095238
          ],
          [
            103.65680271427416,
            1.3161848094219737
          ],
          [
            103.65628844221344,
            1.3160361209222233
          ],
          [
            103.65575656950013,
            1.3159773286907945
          ],
          [
            103.65522249228516,
            1.316010134589892
          ],
          [
            103.6547016705333,
            1.316133588985212
          ],
          [
            103.65420918050263,
            1.316344118235062
          ],
          [
            103.65375927833126,
            1.3166356281367806
          ],
          [
            103.65328820593639,
            1.317054686216826
          ],
          [
            103.65034574335219,
            1.319864583968593
          ],
          [
            103.64959221505285,
            1.3206371372622714
          ],
          [
            103.64912276518791,
            1.3210037067554503
          ],
          [
            103.6482583077626,
            1.3215069888598934
          ],
          [
            103.64737188521124,
            1.322086287466624
          ],
          [
            103.64647367003492,
            1.3227323625575775
          ],
          [
            103.64557383473472,
            1.32343597411469
          ],
          [
            103.6446825518117,
            1.324187882119898
          ],
          [
            103.64380999376692,
            1.3249788465551378
          ],
          [
            103.64296633310147,
            1.3257996274023458
          ],
          [
            103.64216174231642,
            1.3266409846434573
          ],
          [
            103.64140639391286,
            1.3274936782604085
          ],
          [
            103.64071046039183,
            1.3283484682351367
          ],
          [
            103.6400841142544,
            1.3291961145495772
          ],
          [
            103.63953752800168,
            1.3300273771856665
          ],
          [
            103.63907346399803,
            1.330892149015576
          ],
          [
            103.63868258283765,
            1.331832260068577
          ],
          [
            103.63835690436667,
            1.3328263760622518
          ],
          [
            103.63808844843113,
            1.3338531627141839
          ],
          [
            103.63786923487706,
            1.3348912857419564
          ],
          [
            103.63769128355048,
            1.3359194108631516
          ],
          [
            103.63754661429749,
            1.3369162037953533
          ],
          [
            103.63742724696411,
            1.3378603302561438
          ],
          [
            103.63732520139637,
            1.3387304559631068
          ],
          [
            103.63723249744034,
            1.3395052466338253
          ],
          [
            103.63714115494204,
            1.340163367985882
          ],
          [
            103.63704319374753,
            1.3406834857368604
          ]
        ]
      }
    },
    {
      "type": "Feature",
      "properties": {
        "featureClass": "rail_line",
        "railLineId": "rail-route:cg",
        "railType": "MRT",
        "railLineCode": "EW",
        "routeId": "cg",
        "stationIds": [
          "mrt-station:tanah-merah",
          "mrt-station:expo",
          "mrt-station:changi-airport"
        ],
        "sourceDatasetIds": [
          "d_e8bf3cff62f97300817d1fdcce382584",
          "d_b39d3a0871985372d7e1637193335da5",
          "d_d312a5b127e1ae74299b8ae664cedd4e"
        ],
        "sourceObservedAt": "2026-07-23T03:53:41.031Z",
        "simplificationTolerance": 0.00004,
        "geometrySource": "curved_station_fallback",
        "authoritativeSegments": 0,
        "curvedFallbackSegments": 2
      },
      "geometry": {
        "type": "LineString",
        "coordinates": [
          [
            103.94575888475583,
            1.32695951210127
          ],
          [
            103.94653326430328,
            1.3273141384865959
          ],
          [
            103.94746157786321,
            1.3276989714767966
          ],
          [
            103.94853102214125,
            1.3281229705126438
          ],
          [
            103.94972879384306,
            1.32859509503491
          ],
          [
            103.95104208967429,
            1.3291243044843672
          ],
          [
            103.95245810634054,
            1.3297195583017873
          ],
          [
            103.95396404054748,
            1.3303898159279428
          ],
          [
            103.95554708900073,
            1.3311440368036056
          ],
          [
            103.95719444840596,
            1.3319911803695472
          ],
          [
            103.95889331546877,
            1.3329402060665405
          ],
          [
            103.96063088689482,
            1.3340000733353574
          ],
          [
            103.96239435938975,
            1.3351797416167694
          ],
          [
            103.96431057039561,
            1.3365801012875953
          ],
          [
            103.96647420187838,
            1.3382555813795125
          ],
          [
            103.9688242173298,
            1.3401454493155835
          ],
          [
            103.97129958024149,
            1.3421889725188714
          ],
          [
            103.97383925410514,
            1.3443254184124382
          ],
          [
            103.97638220241244,
            1.3464940544193476
          ],
          [
            103.97886738865503,
            1.348634147962661
          ],
          [
            103.98123377632457,
            1.3506849664654415
          ],
          [
            103.98342032891277,
            1.3525857773507521
          ],
          [
            103.98536600991129,
            1.3542758480416548
          ],
          [
            103.98700978281175,
            1.3556944459612124
          ],
          [
            103.98829061110588,
            1.3567808385324875
          ]
        ]
      }
    },
    {
      "type": "Feature",
      "properties": {
        "featureClass": "rail_line",
        "railLineId": "rail-route:ne",
        "railType": "MRT",
        "railLineCode": "NE",
        "routeId": "ne",
        "stationIds": [
          "mrt-station:harbourfront",
          "mrt-station:outram-park",
          "mrt-station:chinatown",
          "mrt-station:clarke-quay",
          "mrt-station:dhoby-ghaut",
          "mrt-station:little-india",
          "mrt-station:farrer-park",
          "mrt-station:boon-keng",
          "mrt-station:potong-pasir",
          "mrt-station:woodleigh",
          "mrt-station:serangoon",
          "mrt-station:kovan",
          "mrt-station:hougang",
          "mrt-station:buangkok",
          "mrt-station:sengkang",
          "mrt-station:punggol"
        ],
        "sourceDatasetIds": [
          "d_e8bf3cff62f97300817d1fdcce382584",
          "d_b39d3a0871985372d7e1637193335da5",
          "d_d312a5b127e1ae74299b8ae664cedd4e"
        ],
        "sourceObservedAt": "2026-07-23T03:53:41.031Z",
        "simplificationTolerance": 0.00004,
        "geometrySource": "mixed_authoritative_and_curved_fallback",
        "authoritativeSegments": 5,
        "curvedFallbackSegments": 10
      },
      "geometry": {
        "type": "LineString",
        "coordinates": [
          [
            103.82149962821518,
            1.2654106664124478
          ],
          [
            103.82238901883429,
            1.2661871391659534
          ],
          [
            103.82355754271302,
            1.2672091613170169
          ],
          [
            103.8249528427437,
            1.268430340507301
          ],
          [
            103.82652256181872,
            1.2698042843784687
          ],
          [
            103.8282143428304,
            1.2712846005721838
          ],
          [
            103.82997582867114,
            1.2728248967301083
          ],
          [
            103.83175466223327,
            1.274378780493906
          ],
          [
            103.83349848640913,
            1.2758998595052395
          ],
          [
            103.83515494409109,
            1.2773417414057724
          ],
          [
            103.8366716781715,
            1.2786580338371674
          ],
          [
            103.83799633154273,
            1.2798023444410875
          ],
          [
            103.83907654709708,
            1.2807282808591962
          ],
          [
            103.83994133447554,
            1.2814534752362068
          ],
          [
            103.84066627120332,
            1.282039757873306
          ],
          [
            103.84126885199935,
            1.2825070336468634
          ],
          [
            103.84176657158255,
            1.2828752074332492
          ],
          [
            103.84217692467186,
            1.2831641841088344
          ],
          [
            103.84251740598619,
            1.283393868549989
          ],
          [
            103.84280551024443,
            1.2835841656330835
          ],
          [
            103.84305873216557,
            1.2837549802344879
          ],
          [
            103.84329456646847,
            1.283926217230573
          ],
          [
            103.84353050787206,
            1.284117781497709
          ],
          [
            103.8437840510953,
            1.284349577912266
          ],
          [
            103.84407269085708,
            1.2846415113506147
          ],
          [
            103.84437751497366,
            1.285352959423446
          ],
          [
            103.84556358475906,
            1.286461317358438
          ],
          [
            103.84588408960218,
            1.2868362645656597
          ],
          [
            103.84617999834956,
            1.2873027182058903
          ],
          [
            103.84642707695264,
            1.2879536199891553
          ],
          [
            103.8465650175935,
            1.2886155666760253
          ],
          [
            103.84658548750353,
            1.2892873523111699
          ],
          [
            103.84653753249671,
            1.2900600452757105
          ],
          [
            103.84643573019426,
            1.2909157993460785
          ],
          [
            103.84629465821737,
            1.2918367682987049
          ],
          [
            103.8461288941873,
            1.2928051059100214
          ],
          [
            103.84595301572527,
            1.293802965956459
          ],
          [
            103.84578160045245,
            1.2948125022144492
          ],
          [
            103.84562922599008,
            1.2958158684604233
          ],
          [
            103.84551046995941,
            1.2967952184708125
          ],
          [
            103.84543990998161,
            1.2977327060220478
          ],
          [
            103.8454321236779,
            1.298610484890561
          ],
          [
            103.84550168866954,
            1.2994107088527833
          ],
          [
            103.84564293190162,
            1.3001493126728396
          ],
          [
            103.84583634038886,
            1.3008559052627018
          ],
          [
            103.84607573185676,
            1.3015331516205737
          ],
          [
            103.84635492403082,
            1.3021837167446575
          ],
          [
            103.84666773463655,
            1.3028102656331562
          ],
          [
            103.84700798139946,
            1.3034154632842734
          ],
          [
            103.84736948204504,
            1.3040019746962113
          ],
          [
            103.84774605429882,
            1.3045724648671733
          ],
          [
            103.84813151588632,
            1.305129598795362
          ],
          [
            103.84851968453299,
            1.3056760414789805
          ],
          [
            103.8489043779644,
            1.306214457916232
          ],
          [
            103.84927941390603,
            1.3067475131053192
          ],
          [
            103.84964979005595,
            1.3072611666165386
          ],
          [
            103.85002543106687,
            1.3077435763602214
          ],
          [
            103.85040754509635,
            1.3082007048446216
          ],
          [
            103.85079734030198,
            1.3086385145779942
          ],
          [
            103.85119602484131,
            1.3090629680685937
          ],
          [
            103.8516048068719,
            1.309480027824675
          ],
          [
            103.85202489455133,
            1.3098956563544921
          ],
          [
            103.8524574960371,
            1.3103158161662996
          ],
          [
            103.85290381948684,
            1.3107464697683522
          ],
          [
            103.85336507305807,
            1.3111935796689045
          ],
          [
            103.85384246490837,
            1.3116631083762114
          ],
          [
            103.85433720319526,
            1.3121610183985266
          ],
          [
            103.85485226910058,
            1.3126671422673777
          ],
          [
            103.85538824174992,
            1.31316214158473
          ],
          [
            103.85594272621661,
            1.3136532224644988
          ],
          [
            103.85651332757392,
            1.314147591020598
          ],
          [
            103.85709765089518,
            1.3146524533669426
          ],
          [
            103.85769330125368,
            1.3151750156174467
          ],
          [
            103.85829788372273,
            1.3157224838860244
          ],
          [
            103.85890900337563,
            1.316302064286591
          ],
          [
            103.85952426528567,
            1.3169209629330605
          ],
          [
            103.86014127452617,
            1.3175863859393473
          ],
          [
            103.86075763617042,
            1.3183055394193663
          ],
          [
            103.86137095529173,
            1.3190856294870317
          ],
          [
            103.86200437604215,
            1.319953048368679
          ],
          [
            103.8626752391658,
            1.3209167299022515
          ],
          [
            103.86337244462396,
            1.3219576926190755
          ],
          [
            103.86408489237797,
            1.3230569550504767
          ],
          [
            103.86480148238915,
            1.3241955357277806
          ],
          [
            103.86551111461878,
            1.3253544531823134
          ],
          [
            103.86620268902819,
            1.326514725945401
          ],
          [
            103.86686510557868,
            1.3276573725483691
          ],
          [
            103.86748726423157,
            1.3287634115225437
          ],
          [
            103.86805806494819,
            1.3298138613992507
          ],
          [
            103.86856640768984,
            1.3307897407098157
          ],
          [
            103.86900119241784,
            1.331672067985565
          ],
          [
            103.86933715978762,
            1.3322645188308708
          ],
          [
            103.8697140867745,
            1.3340165293254223
          ],
          [
            103.87047538724438,
            1.3367595580628402
          ],
          [
            103.87065780734133,
            1.3382625156567565
          ],
          [
            103.87079644863564,
            1.338262549704425
          ],
          [
            103.87083429229013,
            1.3389870079378268
          ],
          [
            103.87098863843094,
            1.3397929147044612
          ],
          [
            103.87110342214866,
            1.3406550614749422
          ],
          [
            103.87119328930564,
            1.3415638691027953
          ],
          [
            103.87127288576421,
            1.342509758441545
          ],
          [
            103.87135685738677,
            1.3434831503447167
          ],
          [
            103.87145985003563,
            1.344474465665835
          ],
          [
            103.87159650957318,
            1.345474125258425
          ],
          [
            103.87178148186179,
            1.3464725499760122
          ],
          [
            103.87202941276377,
            1.3474601606721213
          ],
          [
            103.8723549481415,
            1.3484273782002774
          ],
          [
            103.87277273385736,
            1.3493646234140053
          ],
          [
            103.87329741577369,
            1.3502623171668304
          ],
          [
            103.87359965990755,
            1.3500986652116729
          ],
          [
            103.87407433140828,
            1.350277977302098
          ],
          [
            103.87464636777561,
            1.3508895447791118
          ],
          [
            103.8779929423845,
            1.3539559778152088
          ],
          [
            103.88028158026866,
            1.3557905245940836
          ],
          [
            103.88434891045185,
            1.3595127914305394
          ],
          [
            103.88482657958616,
            1.3599804073029922
          ],
          [
            103.88562135906282,
            1.360873558474381
          ],
          [
            103.88640493467054,
            1.3617870192298611
          ],
          [
            103.88717203325687,
            1.3627180328541562
          ],
          [
            103.8879173816694,
            1.3636638426319898
          ],
          [
            103.88863570675571,
            1.3646216918480853
          ],
          [
            103.88932173536334,
            1.3655888237871656
          ],
          [
            103.88997019433992,
            1.3665624817339546
          ],
          [
            103.890575810533,
            1.3675399089731755
          ],
          [
            103.89113331079011,
            1.3685183487895516
          ],
          [
            103.8916374219589,
            1.369495044467806
          ],
          [
            103.89208287088691,
            1.370467239292663
          ],
          [
            103.89246438442171,
            1.3714321765488449
          ],
          [
            103.8924588199654,
            1.372155685842638
          ],
          [
            103.89254806539945,
            1.3784018455690572
          ],
          [
            103.89271516508613,
            1.3800387876600553
          ],
          [
            103.89267585935168,
            1.3805694484775752
          ],
          [
            103.89278775279598,
            1.3814866558637608
          ],
          [
            103.89277272294524,
            1.3822699247437205
          ],
          [
            103.89269673168296,
            1.3827879760292499
          ],
          [
            103.8931734944837,
            1.383029756905052
          ],
          [
            103.89329622606672,
            1.3838416722522902
          ],
          [
            103.89341557101709,
            1.3845952918384652
          ],
          [
            103.89353637757193,
            1.3853033160087358
          ],
          [
            103.8936634939685,
            1.38597844510826
          ],
          [
            103.89380176844394,
            1.3866333794821961
          ],
          [
            103.89395604923543,
            1.3872808194757027
          ],
          [
            103.89413118458015,
            1.3879334654339375
          ],
          [
            103.89433202271529,
            1.3886040177020589
          ],
          [
            103.89456341187802,
            1.3893051766252258
          ],
          [
            103.89483020030555,
            1.3900496425485955
          ],
          [
            103.89513723623503,
            1.3908501158173268
          ],
          [
            103.89548936790365,
            1.3917192967765781
          ],
          [
            103.8957745077963,
            1.3923684587941867
          ],
          [
            103.89642116525776,
            1.3940609216934026
          ],
          [
            103.89909020383071,
            1.3990241876425122
          ],
          [
            103.90050684922527,
            1.401598534424279
          ],
          [
            103.90095233355098,
            1.4024080768982057
          ],
          [
            103.90105497584861,
            1.4025946015768398
          ],
          [
            103.9012085123019,
            1.403101362556267
          ],
          [
            103.90159831159696,
            1.4038657064145352
          ],
          [
            103.90220458929751,
            1.4048161949745839
          ]
        ]
      }
    },
    {
      "type": "Feature",
      "properties": {
        "featureClass": "rail_line",
        "railLineId": "rail-route:cc",
        "railType": "MRT",
        "railLineCode": "CC",
        "routeId": "cc",
        "stationIds": [
          "mrt-station:dhoby-ghaut",
          "mrt-station:bras-basah",
          "mrt-station:esplanade",
          "mrt-station:promenade",
          "mrt-station:nicoll-highway",
          "mrt-station:stadium",
          "mrt-station:mountbatten",
          "mrt-station:dakota",
          "mrt-station:paya-lebar",
          "mrt-station:macpherson",
          "mrt-station:tai-seng",
          "mrt-station:bartley",
          "mrt-station:serangoon",
          "mrt-station:lorong-chuan",
          "mrt-station:bishan",
          "mrt-station:marymount",
          "mrt-station:caldecott",
          "mrt-station:botanic-gardens",
          "mrt-station:farrer-road",
          "mrt-station:holland-village",
          "mrt-station:buona-vista",
          "mrt-station:one-north",
          "mrt-station:kent-ridge",
          "mrt-station:haw-par-villa",
          "mrt-station:pasir-panjang",
          "mrt-station:labrador-park",
          "mrt-station:telok-blangah",
          "mrt-station:harbourfront"
        ],
        "sourceDatasetIds": [
          "d_e8bf3cff62f97300817d1fdcce382584",
          "d_b39d3a0871985372d7e1637193335da5",
          "d_d312a5b127e1ae74299b8ae664cedd4e"
        ],
        "sourceObservedAt": "2026-07-23T03:53:41.031Z",
        "simplificationTolerance": 0.00004,
        "geometrySource": "mixed_authoritative_and_curved_fallback",
        "authoritativeSegments": 5,
        "curvedFallbackSegments": 22
      },
      "geometry": {
        "type": "LineString",
        "coordinates": [
          [
            103.84550168866953,
            1.2994107088527835
          ],
          [
            103.84574408106407,
            1.2992987301822172
          ],
          [
            103.84604686466427,
            1.2991647493174427
          ],
          [
            103.8464015403885,
            1.299010522990071
          ],
          [
            103.84679960915508,
            1.2988378079317124
          ],
          [
            103.84723257188244,
            1.298648360873977
          ],
          [
            103.84769192948892,
            1.2984439385484758
          ],
          [
            103.84816918289287,
            1.298226297686819
          ],
          [
            103.84865583301267,
            1.2979971950206175
          ],
          [
            103.8491433807667,
            1.297758387281482
          ],
          [
            103.84962332707332,
            1.2975116312010224
          ],
          [
            103.85008717285089,
            1.2972586835108495
          ],
          [
            103.85052641901777,
            1.2970013009425738
          ],
          [
            103.85095293756645,
            1.296720769713992
          ],
          [
            103.8513835551265,
            1.2964032646201271
          ],
          [
            103.85181720457228,
            1.2960578752584284
          ],
          [
            103.852252818778,
            1.2956936912263455
          ],
          [
            103.85268933061795,
            1.2953198021213281
          ],
          [
            103.8531256729664,
            1.2949452975408267
          ],
          [
            103.85356077869756,
            1.2945792670822898
          ],
          [
            103.85399358068574,
            1.294230800343168
          ],
          [
            103.85442301180518,
            1.2939089869209102
          ],
          [
            103.85484800493015,
            1.293622916412967
          ],
          [
            103.85526749293491,
            1.2933816784167873
          ],
          [
            103.85568040869373,
            1.293194362529821
          ],
          [
            103.85609023576708,
            1.2930413869163941
          ],
          [
            103.85650035510338,
            1.29290037448386
          ],
          [
            103.8569095456587,
            1.2927762219442096
          ],
          [
            103.85731658638917,
            1.2926738260094326
          ],
          [
            103.85772025625093,
            1.2925980833915203
          ],
          [
            103.85811933420007,
            1.2925538908024627
          ],
          [
            103.8585125991927,
            1.2925461449542508
          ],
          [
            103.8588988301849,
            1.292579742558875
          ],
          [
            103.85927680613281,
            1.2926595803283258
          ],
          [
            103.85964530599259,
            1.2927905549745937
          ],
          [
            103.86000310872026,
            1.2929775632096696
          ],
          [
            103.860348993272,
            1.2932255017455438
          ],
          [
            103.86065512366477,
            1.2935615141229766
          ],
          [
            103.8609051181391,
            1.2939975316366437
          ],
          [
            103.86111493698638,
            1.2945156326294094
          ],
          [
            103.861300540498,
            1.2950978954441374
          ],
          [
            103.86147788896531,
            1.2957263984236922
          ],
          [
            103.86166294267974,
            1.2963832199109377
          ],
          [
            103.86187166193264,
            1.2970504382487382
          ],
          [
            103.86212000701538,
            1.2977101317799578
          ],
          [
            103.86242393821938,
            1.29834437884746
          ],
          [
            103.862799415836,
            1.2989352577941096
          ],
          [
            103.86326240015661,
            1.2994648469627703
          ],
          [
            103.86382885147263,
            1.2999152246963062
          ],
          [
            103.86451795830936,
            1.300294257720752
          ],
          [
            103.86532452031959,
            1.3006265030331863
          ],
          [
            103.86622791448586,
            1.3009190743830406
          ],
          [
            103.8672075177908,
            1.3011790855197467
          ],
          [
            103.86824270721698,
            1.3014136501927356
          ],
          [
            103.86931285974701,
            1.3016298821514392
          ],
          [
            103.87039735236343,
            1.3018348951452883
          ],
          [
            103.87147556204883,
            1.302035802923715
          ],
          [
            103.87252686578583,
            1.3022397192361506
          ],
          [
            103.873530640557,
            1.3024537578320265
          ],
          [
            103.87446626334489,
            1.3026850324607742
          ],
          [
            103.87531311113213,
            1.302940656871825
          ],
          [
            103.87608892605773,
            1.3032181746099532
          ],
          [
            103.8768274964111,
            1.3035082620224543
          ],
          [
            103.87753226840016,
            1.3038077320625394
          ],
          [
            103.87820668823282,
            1.3041133976834214
          ],
          [
            103.87885420211705,
            1.3044220718383124
          ],
          [
            103.87947825626085,
            1.3047305674804242
          ],
          [
            103.8800822968721,
            1.305035697562969
          ],
          [
            103.88066977015879,
            1.3053342750391592
          ],
          [
            103.88124412232887,
            1.3056231128622064
          ],
          [
            103.88180879959026,
            1.3058990239853232
          ],
          [
            103.88236724815097,
            1.3061588213617217
          ],
          [
            103.8829229142189,
            1.3063993179446136
          ],
          [
            103.88347264652245,
            1.306596490037832
          ],
          [
            103.88401068020742,
            1.3067385266130385
          ],
          [
            103.88453654110779,
            1.30684055962519
          ],
          [
            103.88504975505755,
            1.3069177210292424
          ],
          [
            103.88554984789069,
            1.306985142780152
          ],
          [
            103.88603634544121,
            1.3070579568328753
          ],
          [
            103.88650877354308,
            1.3071512951423685
          ],
          [
            103.88696665803033,
            1.307280289663588
          ],
          [
            103.88740952473692,
            1.30746007235149
          ],
          [
            103.88783689949689,
            1.3077057751610308
          ],
          [
            103.88824830814417,
            1.3080325300471665
          ],
          [
            103.8886432765128,
            1.308455468964854
          ],
          [
            103.88903521021163,
            1.3089844301622042
          ],
          [
            103.88943315735476,
            1.309609166755336
          ],
          [
            103.88983010753387,
            1.3103146830012162
          ],
          [
            103.89021905034063,
            1.311085983156812
          ],
          [
            103.89059297536676,
            1.3119080714790903
          ],
          [
            103.89094487220393,
            1.3127659522250184
          ],
          [
            103.89126773044384,
            1.3136446296515625
          ],
          [
            103.89155453967817,
            1.3145291080156905
          ],
          [
            103.8917982894986,
            1.3154043915743692
          ],
          [
            103.89199196949686,
            1.316255484584565
          ],
          [
            103.89212856926461,
            1.317067391303246
          ],
          [
            103.89220107839355,
            1.3178251159873784
          ],
          [
            103.89219437953622,
            1.318537103079944
          ],
          [
            103.89210650028066,
            1.319225085309785
          ],
          [
            103.89195014762163,
            1.31989399936266
          ],
          [
            103.8917380285539,
            1.3205487819243276
          ],
          [
            103.89148285007231,
            1.3211943696805453
          ],
          [
            103.89119731917161,
            1.3218356993170721
          ],
          [
            103.89089414284662,
            1.3224777075196663
          ],
          [
            103.89058602809212,
            1.3231253309740858
          ],
          [
            103.8902856819029,
            1.3237835063660894
          ],
          [
            103.89000581127374,
            1.3244571703814352
          ],
          [
            103.88975912319945,
            1.3251512597058817
          ],
          [
            103.88955832467482,
            1.3258707110251864
          ],
          [
            103.88941420197864,
            1.3266213678125656
          ],
          [
            103.88931975693019,
            1.3274015631665093
          ],
          [
            103.88926101983542,
            1.328204968210691
          ],
          [
            103.88922402100006,
            1.329025254068783
          ],
          [
            103.88919479073002,
            1.3298560918644593
          ],
          [
            103.88915935933105,
            1.3306911527213925
          ],
          [
            103.88910375710903,
            1.3315241077632556
          ],
          [
            103.88901401436978,
            1.3323486281137216
          ],
          [
            103.88887616141909,
            1.3331583848964639
          ],
          [
            103.88867622856282,
            1.333947049235155
          ],
          [
            103.88840024610678,
            1.3347082922534679
          ],
          [
            103.8880342443568,
            1.3354357850750764
          ],
          [
            103.88756557326357,
            1.336130309335285
          ],
          [
            103.88700142246215,
            1.3367992666670991
          ],
          [
            103.88635758178476,
            1.3374462581907423
          ],
          [
            103.88564984106372,
            1.3380748850264377
          ],
          [
            103.88489399013125,
            1.3386887482944092
          ],
          [
            103.88410581881959,
            1.3392914491148802
          ],
          [
            103.88330111696109,
            1.3398865886080742
          ],
          [
            103.88249567438795,
            1.3404777678942148
          ],
          [
            103.88170528093247,
            1.3410685880935256
          ],
          [
            103.8809457264269,
            1.3416626503262297
          ],
          [
            103.88023280070352,
            1.3422635557125508
          ],
          [
            103.87958229359458,
            1.3428749053727125
          ],
          [
            103.87921024547222,
            1.3429754547542367
          ],
          [
            103.87710105986207,
            1.3439465818874976
          ],
          [
            103.87651880252778,
            1.3443057171582131
          ],
          [
            103.87581931864644,
            1.3449691964247266
          ],
          [
            103.87521227004218,
            1.3459351448484056
          ],
          [
            103.87489306480576,
            1.3468713346222563
          ],
          [
            103.87465946640982,
            1.348670526009875
          ],
          [
            103.87448332329598,
            1.349113820313536
          ],
          [
            103.8741307054807,
            1.349633028112755
          ],
          [
            103.87376451459029,
            1.3499808581679913
          ],
          [
            103.87359965990755,
            1.3500986652116729
          ],
          [
            103.87329741577366,
            1.3502623171668307
          ],
          [
            103.87264318778975,
            1.3505915920731077
          ],
          [
            103.87198198323179,
            1.3508578972069998
          ],
          [
            103.87130898282992,
            1.3510681926125037
          ],
          [
            103.87061936731426,
            1.3512294383336152
          ],
          [
            103.869908317415,
            1.3513485944143309
          ],
          [
            103.86917101386226,
            1.351432620898647
          ],
          [
            103.86840263738615,
            1.3514884778305603
          ],
          [
            103.86759836871686,
            1.3515231252540667
          ],
          [
            103.86675338858448,
            1.3515435232131632
          ],
          [
            103.86586287771924,
            1.3515566317518455
          ],
          [
            103.86492201685118,
            1.3515694109141105
          ],
          [
            103.86392598671051,
            1.3515888207439541
          ],
          [
            103.86284228643673,
            1.3516056680215673
          ],
          [
            103.86165549104942,
            1.3516065097408938
          ],
          [
            103.8603863950987,
            1.3515919312665594
          ],
          [
            103.85905579313477,
            1.3515625179631892
          ],
          [
            103.85768447970776,
            1.3515188551954087
          ],
          [
            103.85629324936788,
            1.3514615283278433
          ],
          [
            103.85490289666528,
            1.3513911227251185
          ],
          [
            103.85353421615011,
            1.35130822375186
          ],
          [
            103.85220800237254,
            1.351213416772693
          ],
          [
            103.85094504988275,
            1.3511072871522427
          ],
          [
            103.84976615323089,
            1.350990420255135
          ],
          [
            103.84869210696715,
            1.3508634014459955
          ],
          [
            103.84768762094907,
            1.3507471318557718
          ],
          [
            103.84670755284964,
            1.3506542736245648
          ],
          [
            103.84575791894177,
            1.3505730536307334
          ],
          [
            103.84484473549851,
            1.350491698752636
          ],
          [
            103.84397401879285,
            1.3503984358686296
          ],
          [
            103.8431517850978,
            1.3502814918570731
          ],
          [
            103.84238405068639,
            1.350129093596324
          ],
          [
            103.84167683183158,
            1.3499294679647407
          ],
          [
            103.84103614480642,
            1.3496708418406806
          ],
          [
            103.84046800588392,
            1.3493414421025023
          ],
          [
            103.83997843133704,
            1.3489294956285633
          ],
          [
            103.83957343743884,
            1.3484232292972218
          ],
          [
            103.83935623539897,
            1.347821880600416
          ],
          [
            103.8393859418711,
            1.3471378077111695
          ],
          [
            103.8396024312945,
            1.3463789185294717
          ],
          [
            103.83994557810831,
            1.3455531209553087
          ],
          [
            103.84035525675178,
            1.3446683228886698
          ],
          [
            103.84077134166408,
            1.3437324322295416
          ],
          [
            103.8411337072844,
            1.3427533568779135
          ],
          [
            103.84138222805194,
            1.3417390047337723
          ],
          [
            103.84145677840594,
            1.3406972836971065
          ],
          [
            103.84129723278554,
            1.3396361016679035
          ],
          [
            103.84084346562994,
            1.3385633665461516
          ],
          [
            103.84003535137839,
            1.3374869862318386
          ],
          [
            103.83971940334632,
            1.3370616160989208
          ],
          [
            103.83956108456657,
            1.337063060778333
          ],
          [
            103.83958739174139,
            1.3363857613144499
          ],
          [
            103.83951674402374,
            1.3358712033967153
          ],
          [
            103.8393074738729,
            1.3352849604579398
          ],
          [
            103.83903660444702,
            1.3348428019061678
          ],
          [
            103.838610160679,
            1.3343913250908204
          ],
          [
            103.83818509665898,
            1.3340966993751917
          ],
          [
            103.8376588984585,
            1.3338702429568778
          ],
          [
            103.83700128111155,
            1.3337240652580773
          ],
          [
            103.83569778099096,
            1.333522002883843
          ],
          [
            103.83463472249339,
            1.3336121100431453
          ],
          [
            103.83403723595936,
            1.3335779216903048
          ],
          [
            103.83368238051807,
            1.333635289228052
          ],
          [
            103.83312493907788,
            1.333683169016865
          ],
          [
            103.83276555578341,
            1.333687149972616
          ],
          [
            103.83092510422328,
            1.333686950797093
          ],
          [
            103.8305216520964,
            1.3336869060527188
          ],
          [
            103.83023658396574,
            1.3336868749600088
          ],
          [
            103.82538655657642,
            1.3336863412879227
          ],
          [
            103.82493735713733,
            1.333680011948458
          ],
          [
            103.82363587176432,
            1.3334626548728548
          ],
          [
            103.82320871541992,
            1.3333226258578492
          ],
          [
            103.82021105589037,
            1.3322933841769953
          ],
          [
            103.81962311360978,
            1.3320692342034754
          ],
          [
            103.81916279927188,
            1.331808351628739
          ],
          [
            103.81856953816693,
            1.3312814052012807
          ],
          [
            103.8181257324375,
            1.3306221039032446
          ],
          [
            103.8178594748274,
            1.329872181270824
          ],
          [
            103.81776527417084,
            1.329246550319759
          ],
          [
            103.81765819683326,
            1.3292593283093206
          ],
          [
            103.81717079655525,
            1.3253142228260077
          ],
          [
            103.8170015759626,
            1.3245532567901581
          ],
          [
            103.81680404617082,
            1.324119929179793
          ],
          [
            103.81653532917643,
            1.3237273083277366
          ],
          [
            103.81537997135642,
            1.3225479599197585
          ],
          [
            103.81544552576293,
            1.3226096226428752
          ],
          [
            103.81422201994273,
            1.3218475119121316
          ],
          [
            103.81322388836716,
            1.3212118624511182
          ],
          [
            103.81241494502065,
            1.320683183956916
          ],
          [
            103.81175900388753,
            1.3202419861266053
          ],
          [
            103.81121987895226,
            1.3198687786572667
          ],
          [
            103.8107613841992,
            1.31954407124598
          ],
          [
            103.8103473336127,
            1.3192483735898266
          ],
          [
            103.8099415411772,
            1.3189621953858865
          ],
          [
            103.80950782087704,
            1.3186660463312403
          ],
          [
            103.80900998669667,
            1.3183404361229683
          ],
          [
            103.80841185262042,
            1.3179658744581508
          ],
          [
            103.80767723263273,
            1.3175228710338693
          ],
          [
            103.80681465942281,
            1.3170217912103983
          ],
          [
            103.80586903853728,
            1.316490493274736
          ],
          [
            103.80485874324644,
            1.3159357263140443
          ],
          [
            103.80380214682063,
            1.3153642394154845
          ],
          [
            103.80271762253018,
            1.3147827816662183
          ],
          [
            103.80162354364543,
            1.3141981021534082
          ],
          [
            103.80053828343672,
            1.313616949964215
          ],
          [
            103.7994802151744,
            1.3130460741858012
          ],
          [
            103.79846771212878,
            1.3124922239053287
          ],
          [
            103.79751914757023,
            1.3119621482099593
          ],
          [
            103.79665289476904,
            1.3114625961868545
          ],
          [
            103.79588732699557,
            1.311000316923176
          ],
          [
            103.79590630313523,
            1.3118673694694807
          ],
          [
            103.79481273474455,
            1.3112259421851795
          ],
          [
            103.79442777488015,
            1.310992878746534
          ],
          [
            103.79350761351569,
            1.3102451482757749
          ],
          [
            103.79320011841561,
            1.3099155196579748
          ],
          [
            103.79216461492568,
            1.3087741187878121
          ],
          [
            103.79181123984836,
            1.3083644954943727
          ],
          [
            103.79163136554185,
            1.3081120011580292
          ],
          [
            103.79135931016629,
            1.3076436940453235
          ],
          [
            103.79092329379046,
            1.3072573086948103
          ],
          [
            103.79079720804566,
            1.3070309441141532
          ],
          [
            103.79065881256486,
            1.3069294345160043
          ],
          [
            103.79032490663282,
            1.3064394786608455
          ],
          [
            103.79001598160573,
            1.3059079679701786
          ],
          [
            103.78972860886404,
            1.3053416604124697
          ],
          [
            103.78945935978822,
            1.3047473139561858
          ],
          [
            103.7892048057588,
            1.3041316865697934
          ],
          [
            103.78896151815623,
            1.303501536221759
          ],
          [
            103.78872606836097,
            1.3028636208805493
          ],
          [
            103.78849502775354,
            1.302224698514631
          ],
          [
            103.78826496771438,
            1.3015915270924707
          ],
          [
            103.788032459624,
            1.300970864582535
          ],
          [
            103.7877940748629,
            1.3003694689532908
          ],
          [
            103.78754638481149,
            1.2997940981732046
          ],
          [
            103.787292557962,
            1.2992526313010961
          ],
          [
            103.78703835093985,
            1.298742709954253
          ],
          [
            103.78678421732532,
            1.298255735938839
          ],
          [
            103.78653061069876,
            1.2977831110610185
          ],
          [
            103.7862779846405,
            1.297316237126956
          ],
          [
            103.78602679273087,
            1.296846515942816
          ],
          [
            103.78577748855015,
            1.2963653493147627
          ],
          [
            103.7855305256787,
            1.2958641390489607
          ],
          [
            103.78528635769682,
            1.2953342869515747
          ],
          [
            103.78504543818487,
            1.2947671948287685
          ],
          [
            103.78480822072314,
            1.2941542644867068
          ],
          [
            103.78457515889195,
            1.2934868977315546
          ],
          [
            103.78430692404575,
            1.2927512415073361
          ],
          [
            103.78397799404974,
            1.2919478600807979
          ],
          [
            103.78360953225034,
            1.2910897812421853
          ],
          [
            103.78322270199405,
            1.290190032781743
          ],
          [
            103.78283866662737,
            1.2892616424897163
          ],
          [
            103.7824785894967,
            1.2883176381563506
          ],
          [
            103.78216363394858,
            1.2873710475718911
          ],
          [
            103.78191496332947,
            1.2864348985265825
          ],
          [
            103.7817537409858,
            1.2855222188106705
          ],
          [
            103.78170113026408,
            1.2846460362143999
          ],
          [
            103.7817782945108,
            1.283819378528016
          ],
          [
            103.78200639707238,
            1.283055273541764
          ],
          [
            103.7823998679574,
            1.282339234548819
          ],
          [
            103.78294480261151,
            1.281647830600931
          ],
          [
            103.7836198625368,
            1.2809806731262143
          ],
          [
            103.78440370923546,
            1.2803373735527812
          ],
          [
            103.78527500420957,
            1.2797175433087449
          ],
          [
            103.78621240896129,
            1.2791207938222173
          ],
          [
            103.78719458499273,
            1.2785467365213117
          ],
          [
            103.78820019380603,
            1.2779949828341404
          ],
          [
            103.78920789690333,
            1.277465144188816
          ],
          [
            103.79019635578676,
            1.2769568320134521
          ],
          [
            103.79114423195841,
            1.27646965773616
          ],
          [
            103.79203018692047,
            1.2760032327850541
          ],
          [
            103.79207939750185,
            1.2759192180954884
          ],
          [
            103.79372030316574,
            1.275483748102652
          ],
          [
            103.79622924535369,
            1.2745480738521142
          ],
          [
            103.79906431133878,
            1.2735256575049478
          ],
          [
            103.8001823402769,
            1.2731061192827333
          ],
          [
            103.80131907622093,
            1.2725529093392642
          ],
          [
            103.80225277254839,
            1.2723637267965624
          ],
          [
            103.80235555366292,
            1.2721069580543352
          ],
          [
            103.80306782509157,
            1.2719160745610856
          ],
          [
            103.80372481268947,
            1.2717761429499241
          ],
          [
            103.80433846942455,
            1.2716759907020243
          ],
          [
            103.80492074826473,
            1.27160444529856
          ],
          [
            103.80548360217793,
            1.2715503342207057
          ],
          [
            103.80603898413206,
            1.2715024849496346
          ],
          [
            103.80659884709507,
            1.271449724966521
          ],
          [
            103.80717514403486,
            1.2713808817525394
          ],
          [
            103.80777982791935,
            1.2712847827888627
          ],
          [
            103.80842485171647,
            1.2711502555566652
          ],
          [
            103.80912216839414,
            1.2709661275371211
          ],
          [
            103.80988373092028,
            1.2707212262114043
          ],
          [
            103.81048370275994,
            1.2705679101121343
          ],
          [
            103.81128193048893,
            1.2704513959999069
          ],
          [
            103.81191070816784,
            1.2702061402618603
          ],
          [
            103.81495511077344,
            1.2683630933587018
          ],
          [
            103.81671230420967,
            1.2675446504759775
          ],
          [
            103.81749280039487,
            1.2669188664709836
          ],
          [
            103.81811429317465,
            1.2662059339616316
          ],
          [
            103.81861861557911,
            1.2657305538044448
          ],
          [
            103.81921390476829,
            1.2653475214698904
          ],
          [
            103.81987550301905,
            1.2650976534742615
          ],
          [
            103.82057435810057,
            1.2649919213812173
          ],
          [
            103.82149962821518,
            1.2654106664124478
          ]
        ]
      }
    },
    {
      "type": "Feature",
      "properties": {
        "featureClass": "rail_line",
        "railLineId": "rail-route:ce",
        "railType": "MRT",
        "railLineCode": "CC",
        "routeId": "ce",
        "stationIds": [
          "mrt-station:promenade",
          "mrt-station:bayfront",
          "mrt-station:marina-bay"
        ],
        "sourceDatasetIds": [
          "d_e8bf3cff62f97300817d1fdcce382584",
          "d_b39d3a0871985372d7e1637193335da5",
          "d_d312a5b127e1ae74299b8ae664cedd4e"
        ],
        "sourceObservedAt": "2026-07-23T03:53:41.031Z",
        "simplificationTolerance": 0.00004,
        "geometrySource": "curved_station_fallback",
        "authoritativeSegments": 0,
        "curvedFallbackSegments": 2
      },
      "geometry": {
        "type": "LineString",
        "coordinates": [
          [
            103.86034899327198,
            1.2932255017455438
          ],
          [
            103.86030301655978,
            1.2926730646710791
          ],
          [
            103.86025838941049,
            1.291961864623548
          ],
          [
            103.86021201283135,
            1.2911190443718452
          ],
          [
            103.86016078782973,
            1.2901717466848646
          ],
          [
            103.86010161541289,
            1.2891471143315005
          ],
          [
            103.86003139658817,
            1.2880722900806474
          ],
          [
            103.85994703236287,
            1.2869744167011996
          ],
          [
            103.8598454237443,
            1.2858806369620512
          ],
          [
            103.85972347173977,
            1.2848180936320972
          ],
          [
            103.8595780773566,
            1.283813929480231
          ],
          [
            103.85940614160207,
            1.2828952872753476
          ],
          [
            103.85920456548351,
            1.2820893097863408
          ],
          [
            103.8589546738233,
            1.2813575187691701
          ],
          [
            103.85864796313679,
            1.2806458177751963
          ],
          [
            103.85829659197077,
            1.2799579222664186
          ],
          [
            103.857912718872,
            1.2792975477048356
          ],
          [
            103.85750850238726,
            1.278668409552447
          ],
          [
            103.85709610106335,
            1.278074223271251
          ],
          [
            103.85668767344704,
            1.2775187043232465
          ],
          [
            103.85629537808511,
            1.2770055681704329
          ],
          [
            103.85593137352433,
            1.2765385302748085
          ],
          [
            103.8556078183115,
            1.2761213060983723
          ],
          [
            103.85533687099337,
            1.2757576111031237
          ],
          [
            103.85513069011674,
            1.275451160751061
          ]
        ]
      }
    },
    {
      "type": "Feature",
      "properties": {
        "featureClass": "rail_line",
        "railLineId": "rail-route:dt",
        "railType": "MRT",
        "railLineCode": "DT",
        "routeId": "dt",
        "stationIds": [
          "mrt-station:bukit-panjang",
          "mrt-station:cashew",
          "mrt-station:hillview",
          "mrt-station:beauty-world",
          "mrt-station:king-albert-park",
          "mrt-station:sixth-avenue",
          "mrt-station:tan-kah-kee",
          "mrt-station:botanic-gardens",
          "mrt-station:stevens",
          "mrt-station:newton",
          "mrt-station:little-india",
          "mrt-station:rochor",
          "mrt-station:bugis",
          "mrt-station:promenade",
          "mrt-station:bayfront",
          "mrt-station:downtown",
          "mrt-station:telok-ayer",
          "mrt-station:chinatown",
          "mrt-station:fort-canning",
          "mrt-station:bencoolen",
          "mrt-station:jalan-besar",
          "mrt-station:bendemeer",
          "mrt-station:geylang-bahru",
          "mrt-station:mattar",
          "mrt-station:macpherson",
          "mrt-station:ubi",
          "mrt-station:kaki-bukit",
          "mrt-station:bedok-north",
          "mrt-station:bedok-reservoir",
          "mrt-station:tampines-west",
          "mrt-station:tampines",
          "mrt-station:tampines-east",
          "mrt-station:upper-changi",
          "mrt-station:expo"
        ],
        "sourceDatasetIds": [
          "d_e8bf3cff62f97300817d1fdcce382584",
          "d_b39d3a0871985372d7e1637193335da5",
          "d_d312a5b127e1ae74299b8ae664cedd4e"
        ],
        "sourceObservedAt": "2026-07-23T03:53:41.031Z",
        "simplificationTolerance": 0.00004,
        "geometrySource": "mixed_authoritative_and_curved_fallback",
        "authoritativeSegments": 8,
        "curvedFallbackSegments": 25
      },
      "geometry": {
        "type": "LineString",
        "coordinates": [
          [
            103.7621427618644,
            1.3786217351770065
          ],
          [
            103.76205598401357,
            1.37840761022462
          ],
          [
            103.76231348008359,
            1.3775840828339605
          ],
          [
            103.76288435707693,
            1.3732819185470115
          ],
          [
            103.76278960229152,
            1.3731755906140783
          ],
          [
            103.76294763977394,
            1.372313585810679
          ],
          [
            103.76323564129575,
            1.3715153586920776
          ],
          [
            103.7641813688689,
            1.3699302241387656
          ],
          [
            103.76423448071098,
            1.3698333185962925
          ],
          [
            103.76444414488377,
            1.3692040079147674
          ],
          [
            103.76463991238109,
            1.3686607323859208
          ],
          [
            103.76482889731571,
            1.368177671002647
          ],
          [
            103.76501821380046,
            1.3677290027578393
          ],
          [
            103.76521497594815,
            1.3672889066443916
          ],
          [
            103.76542629787157,
            1.3668315616551974
          ],
          [
            103.76565929368354,
            1.3663311467831503
          ],
          [
            103.76592107749684,
            1.3657618410211443
          ],
          [
            103.76621876342428,
            1.3650978233620725
          ],
          [
            103.76655946557867,
            1.3643132727988287
          ],
          [
            103.7669502980728,
            1.3633823683243071
          ],
          [
            103.7673983750195,
            1.362279288931401
          ],
          [
            103.76791271129026,
            1.360940261678528
          ],
          [
            103.76849128277127,
            1.359352872156073
          ],
          [
            103.76912464509714,
            1.3575683371548741
          ],
          [
            103.76980335390253,
            1.3556378734657706
          ],
          [
            103.77051796482206,
            1.3536126978796015
          ],
          [
            103.77125903349035,
            1.3515440271872061
          ],
          [
            103.77201711554207,
            1.3494830781794231
          ],
          [
            103.77278276661185,
            1.3474810676470925
          ],
          [
            103.77354654233436,
            1.3455892123810527
          ],
          [
            103.77429899834418,
            1.3438587291721433
          ],
          [
            103.77503069027598,
            1.3423408348112034
          ],
          [
            103.7757321737644,
            1.3410867460890716
          ],
          [
            103.77582076579958,
            1.340801415312396
          ],
          [
            103.77603525404922,
            1.3400896940031395
          ],
          [
            103.77622291222217,
            1.3399937354385467
          ],
          [
            103.77651843424881,
            1.3395094210306917
          ],
          [
            103.7772396772445,
            1.3386206658099786
          ],
          [
            103.7776054139007,
            1.3382620061155346
          ],
          [
            103.77803702701729,
            1.3379581450853015
          ],
          [
            103.77860482643985,
            1.3376927776746421
          ],
          [
            103.7813360295891,
            1.3367229005529193
          ],
          [
            103.78314491842667,
            1.3360001135910116
          ],
          [
            103.78379592249806,
            1.3357565615926617
          ],
          [
            103.78470792684843,
            1.3353499531883066
          ],
          [
            103.78568831181853,
            1.3349563453875493
          ],
          [
            103.78672550483827,
            1.3345730817590848
          ],
          [
            103.78780793333749,
            1.33419750587161
          ],
          [
            103.78892402474604,
            1.3338269612938207
          ],
          [
            103.79006220649374,
            1.333458791594413
          ],
          [
            103.7912109060105,
            1.3330903403420822
          ],
          [
            103.79235855072615,
            1.3327189511055253
          ],
          [
            103.79349356807052,
            1.3323419674534376
          ],
          [
            103.79460438547348,
            1.3319567329545152
          ],
          [
            103.7956794303649,
            1.3315605911774542
          ],
          [
            103.79670713017461,
            1.3311508856909509
          ],
          [
            103.79770617111559,
            1.3307208905378598
          ],
          [
            103.79870106903624,
            1.330269223488694
          ],
          [
            103.79968899581962,
            1.3298012437036344
          ],
          [
            103.80066712334872,
            1.3293223103428622
          ],
          [
            103.80163262350652,
            1.3288377825665596
          ],
          [
            103.80258266817613,
            1.328353019534908
          ],
          [
            103.80351442924048,
            1.3278733804080893
          ],
          [
            103.80442507858264,
            1.3274042243462842
          ],
          [
            103.80531178808562,
            1.3269509105096746
          ],
          [
            103.80617172963245,
            1.3265187980584423
          ],
          [
            103.80700207510614,
            1.3261132461527685
          ],
          [
            103.80779999638972,
            1.3257396139528348
          ],
          [
            103.80815023802761,
            1.3255103543723
          ],
          [
            103.80824204039361,
            1.325262771954114
          ],
          [
            103.80926266725498,
            1.3246255379993779
          ],
          [
            103.81051124848494,
            1.3236975831774136
          ],
          [
            103.81097222756325,
            1.3234390069659072
          ],
          [
            103.81170408055982,
            1.3232087767474
          ],
          [
            103.81329467063232,
            1.3229978010289425
          ],
          [
            103.8151600362676,
            1.3226526656416304
          ],
          [
            103.81537997135642,
            1.3225479599197585
          ],
          [
            103.81544552576293,
            1.3226096226428752
          ],
          [
            103.81620664914647,
            1.3223964126339136
          ],
          [
            103.81699021112775,
            1.3222168235427947
          ],
          [
            103.81779497463417,
            1.3220611810280596
          ],
          [
            103.8186197025931,
            1.3219198107482493
          ],
          [
            103.8194631579319,
            1.3217830383619045
          ],
          [
            103.82032410357802,
            1.3216411895275664
          ],
          [
            103.82120130245876,
            1.321484589903776
          ],
          [
            103.82209351750154,
            1.3213035651490739
          ],
          [
            103.82299951163377,
            1.3210884409220014
          ],
          [
            103.82391804778281,
            1.3208295428810997
          ],
          [
            103.82484788887601,
            1.320517196684909
          ],
          [
            103.8257877978408,
            1.3201417279919707
          ],
          [
            103.82674922963051,
            1.3196944588316517
          ],
          [
            103.82774082329463,
            1.3191804206860498
          ],
          [
            103.82875711790486,
            1.3186105033928024
          ],
          [
            103.82979265253284,
            1.3179955967895471
          ],
          [
            103.83084196625026,
            1.3173465907139212
          ],
          [
            103.83189959812876,
            1.3166743750035623
          ],
          [
            103.83296008724002,
            1.3159898394961083
          ],
          [
            103.83401797265569,
            1.3153038740291956
          ],
          [
            103.83506779344744,
            1.314627368440463
          ],
          [
            103.83610408868691,
            1.3139712125675473
          ],
          [
            103.83712139744581,
            1.3133462962480866
          ],
          [
            103.83811425879577,
            1.3127635093197174
          ],
          [
            103.83910987120117,
            1.3122046861134156
          ],
          [
            103.8401315001521,
            1.3116463868351071
          ],
          [
            103.8411677852587,
            1.3110915901348534
          ],
          [
            103.8422073661312,
            1.310543274662717
          ],
          [
            103.84323888237978,
            1.3100044190687603
          ],
          [
            103.84425097361465,
            1.3094780020030452
          ],
          [
            103.84523227944595,
            1.3089670021156345
          ],
          [
            103.8461714394839,
            1.3084743980565898
          ],
          [
            103.84705709333872,
            1.3080031684759734
          ],
          [
            103.84787788062056,
            1.3075562920238484
          ],
          [
            103.84862244093961,
            1.3071367473502762
          ],
          [
            103.84927941390609,
            1.306747513105319
          ],
          [
            103.84983637756885,
            1.3063979568580473
          ],
          [
            103.85029782020256,
            1.3060907903523458
          ],
          [
            103.85067774675579,
            1.305819008500501
          ],
          [
            103.85099016217723,
            1.3055756062147987
          ],
          [
            103.85124907141551,
            1.305353578407525
          ],
          [
            103.8514684794193,
            1.3051459199909659
          ],
          [
            103.8516623911372,
            1.304945625877407
          ],
          [
            103.85184481151789,
            1.304745690979135
          ],
          [
            103.85202974551002,
            1.3045391102084352
          ],
          [
            103.85223119806221,
            1.3043188784775939
          ],
          [
            103.85246317412316,
            1.3040779906988973
          ],
          [
            103.85273967864147,
            1.3038094417846313
          ],
          [
            103.85304563641223,
            1.3035272505713875
          ],
          [
            103.85335617599746,
            1.3032479800508678
          ],
          [
            103.85367060799614,
            1.3029684413680211
          ],
          [
            103.85398824300725,
            1.3026854456677974
          ],
          [
            103.8543083916298,
            1.3023958040951462
          ],
          [
            103.85463036446278,
            1.302096327795017
          ],
          [
            103.85495347210518,
            1.3017838279123597
          ],
          [
            103.85527702515597,
            1.3014551155921237
          ],
          [
            103.8556003342142,
            1.3011070019792585
          ],
          [
            103.85592270987883,
            1.3007362982187136
          ],
          [
            103.85624346274885,
            1.300339815455439
          ],
          [
            103.85656190342326,
            1.299914364834384
          ],
          [
            103.85689442075466,
            1.299468929698608
          ],
          [
            103.85725219608673,
            1.2990127054719307
          ],
          [
            103.85762672875504,
            1.298542821420443
          ],
          [
            103.85800951809519,
            1.2980564068102356
          ],
          [
            103.85839206344272,
            1.297550590907399
          ],
          [
            103.85876586413328,
            1.2970225029780236
          ],
          [
            103.8591224195024,
            1.2964692722882007
          ],
          [
            103.85945322888566,
            1.2958880281040208
          ],
          [
            103.85974979161868,
            1.2952758996915743
          ],
          [
            103.86000360703703,
            1.2946300163169522
          ],
          [
            103.86020617447628,
            1.2939475072462452
          ],
          [
            103.86034899327203,
            1.2932255017455436
          ],
          [
            103.86044311894798,
            1.2924258207158028
          ],
          [
            103.86050486028964,
            1.29152730007644
          ],
          [
            103.86053359652497,
            1.2905525916212404
          ],
          [
            103.86052870688202,
            1.289524347143989
          ],
          [
            103.86048957058881,
            1.2884652184384717
          ],
          [
            103.86041556687339,
            1.287397857298473
          ],
          [
            103.86030607496373,
            1.286344915517778
          ],
          [
            103.86016047408793,
            1.285329044890172
          ],
          [
            103.85997814347398,
            1.2843728972094404
          ],
          [
            103.85975846234989,
            1.2834991242693676
          ],
          [
            103.85950080994374,
            1.2827303778637396
          ],
          [
            103.85920456548351,
            1.282089309786341
          ],
          [
            103.85884607651248,
            1.2815603320908693
          ],
          [
            103.85841096867303,
            1.2811088141273657
          ],
          [
            103.85791253834192,
            1.2807288436341324
          ],
          [
            103.85736408189592,
            1.2804145083494713
          ],
          [
            103.85677889571177,
            1.2801598960116847
          ],
          [
            103.85617027616622,
            1.2799590943590737
          ],
          [
            103.85555151963605,
            1.279806191129941
          ],
          [
            103.85493592249799,
            1.2796952740625878
          ],
          [
            103.85433678112882,
            1.2796204308953165
          ],
          [
            103.85376739190527,
            1.279575749366429
          ],
          [
            103.85324105120412,
            1.279555317214227
          ],
          [
            103.8527710554021,
            1.2795532221770127
          ],
          [
            103.85244380180244,
            1.2797136195078598
          ],
          [
            103.85077277841445,
            1.2809322134206658
          ],
          [
            103.84902544396957,
            1.2819380974458439
          ],
          [
            103.84870717603917,
            1.282211776179462
          ],
          [
            103.84832548013998,
            1.2824046102292987
          ],
          [
            103.8479115407992,
            1.282565773186185
          ],
          [
            103.8474747849839,
            1.282705292407883
          ],
          [
            103.84702463966114,
            1.2828331952521566
          ],
          [
            103.84657053179797,
            1.282959509076768
          ],
          [
            103.84612188836142,
            1.283094261239481
          ],
          [
            103.8456881363186,
            1.2832474790980581
          ],
          [
            103.84527870263653,
            1.2834291900102623
          ],
          [
            103.8449030142823,
            1.2836494213338574
          ],
          [
            103.84457049822292,
            1.2839182004266056
          ],
          [
            103.84429058142548,
            1.2842455546462705
          ],
          [
            103.84407269085705,
            1.2846415113506147
          ],
          [
            103.84390420463762,
            1.285119125864253
          ],
          [
            103.84376680669764,
            1.2856757671852892
          ],
          [
            103.84366138271994,
            1.286297933181721
          ],
          [
            103.84358881838725,
            1.2869721217215457
          ],
          [
            103.8435499993824,
            1.2876848306727608
          ],
          [
            103.84354581138814,
            1.288422557903364
          ],
          [
            103.84357714008728,
            1.2891718012813522
          ],
          [
            103.84364487116257,
            1.289919058674723
          ],
          [
            103.84374989029679,
            1.2906508279514741
          ],
          [
            103.84389308317279,
            1.291353606979603
          ],
          [
            103.84407533547326,
            1.2920138936271066
          ],
          [
            103.84429753288103,
            1.2926181857619827
          ],
          [
            103.84481024742105,
            1.2934119743451338
          ],
          [
            103.84485267603293,
            1.2934841469870602
          ],
          [
            103.84525422670565,
            1.2938752612044144
          ],
          [
            103.84568290931192,
            1.2944141961874636
          ],
          [
            103.84619039118863,
            1.2948786557025407
          ],
          [
            103.8464202546843,
            1.2952242620546
          ],
          [
            103.84706904595912,
            1.2957024622928952
          ],
          [
            103.84723185820073,
            1.2958230946208469
          ],
          [
            103.84773746549052,
            1.2962208178531984
          ],
          [
            103.84789310567366,
            1.2963506864559187
          ],
          [
            103.84821665037938,
            1.2966220356029758
          ],
          [
            103.84836796860459,
            1.2967500583923695
          ],
          [
            103.8492541478129,
            1.2976505443331197
          ],
          [
            103.8496617745865,
            1.2979968410804819
          ],
          [
            103.8498668760724,
            1.2982382780043922
          ],
          [
            103.84989185539355,
            1.298364571380096
          ],
          [
            103.85033966938838,
            1.2988896984433782
          ],
          [
            103.85077185112215,
            1.2994190813609092
          ],
          [
            103.85119311173533,
            1.299953772880377
          ],
          [
            103.85160816236848,
            1.3004948257494695
          ],
          [
            103.85202171416208,
            1.3010432927158746
          ],
          [
            103.85243847825669,
            1.301600226527281
          ],
          [
            103.85286316579281,
            1.3021666799313774
          ],
          [
            103.85330048791099,
            1.3027437056758506
          ],
          [
            103.8537551557517,
            1.3033323565083899
          ],
          [
            103.85423188045552,
            1.3039336851766827
          ],
          [
            103.85473537316292,
            1.3045487444284178
          ],
          [
            103.85527034501445,
            1.3051785870112826
          ],
          [
            103.85583717442077,
            1.3058299204081696
          ],
          [
            103.85643096276272,
            1.3065058645652592
          ],
          [
            103.85704850563592,
            1.3072020909251716
          ],
          [
            103.85768659863602,
            1.307914270930529
          ],
          [
            103.85834203735868,
            1.3086380760239518
          ],
          [
            103.85901161739956,
            1.3093691776480614
          ],
          [
            103.85969213435429,
            1.310103247245479
          ],
          [
            103.86038038381855,
            1.3108359562588254
          ],
          [
            103.86107316138799,
            1.3115629761307224
          ],
          [
            103.86176726265825,
            1.3122799783037904
          ],
          [
            103.862459483225,
            1.3129826342206508
          ],
          [
            103.86314661868386,
            1.3136666153239247
          ],
          [
            103.8634471995631,
            1.3139134001300035
          ],
          [
            103.86399688551688,
            1.3143164386687736
          ],
          [
            103.86429981846301,
            1.3146568626559643
          ],
          [
            103.86456376384861,
            1.3150875183254118
          ],
          [
            103.8650296340518,
            1.3161363573429752
          ],
          [
            103.86538024604461,
            1.3167181160741117
          ],
          [
            103.86690648271677,
            1.3185292019268848
          ],
          [
            103.86774191693614,
            1.3191344459816965
          ],
          [
            103.87005797833382,
            1.3202616658340909
          ],
          [
            103.87147050429384,
            1.3211184529540605
          ],
          [
            103.87139838286838,
            1.3212351876212658
          ],
          [
            103.87167493949823,
            1.3213354072677879
          ],
          [
            103.87254908561286,
            1.3218914561644104
          ],
          [
            103.87348746842872,
            1.3224553164088142
          ],
          [
            103.8744757057282,
            1.323019414933493
          ],
          [
            103.87549941529369,
            1.323576178670941
          ],
          [
            103.87654421490757,
            1.3241180345536514
          ],
          [
            103.8775957223522,
            1.3246374095141176
          ],
          [
            103.87863955540995,
            1.3251267304848335
          ],
          [
            103.87966133186319,
            1.3255784243982924
          ],
          [
            103.88064666949434,
            1.3259849181869885
          ],
          [
            103.88158118608574,
            1.3263386387834146
          ],
          [
            103.88245049941979,
            1.326632013120065
          ],
          [
            103.88324022727886,
            1.3268574681294334
          ],
          [
            103.88393977018673,
            1.3269871861927076
          ],
          [
            103.88455807271414,
            1.3270117267170145
          ],
          [
            103.88511006871391,
            1.3269510821737553
          ],
          [
            103.88561069203877,
            1.3268252450343316
          ],
          [
            103.88607487654151,
            1.3266542077701449
          ],
          [
            103.88651755607492,
            1.3264579628525963
          ],
          [
            103.88695366449177,
            1.3262565027530875
          ],
          [
            103.88739813564484,
            1.3260698199430199
          ],
          [
            103.88786590338691,
            1.3259179068937943
          ],
          [
            103.88837190157075,
            1.325820756076813
          ],
          [
            103.88893106404915,
            1.3257983599634764
          ],
          [
            103.88955832467488,
            1.3258707110251868
          ],
          [
            103.89024575498982,
            1.3260265833915441
          ],
          [
            103.89097201813578,
            1.326237023358038
          ],
          [
            103.89173193536546,
            1.3264954316449042
          ],
          [
            103.89252032793146,
            1.3267952089723773
          ],
          [
            103.89333201708645,
            1.3271297560606927
          ],
          [
            103.89416182408311,
            1.3274924736300862
          ],
          [
            103.89500457017408,
            1.3278767624007923
          ],
          [
            103.89585507661202,
            1.3282760230930468
          ],
          [
            103.89670816464958,
            1.3286836564270847
          ],
          [
            103.89755865553941,
            1.3290930631231412
          ],
          [
            103.8984013705342,
            1.329497643901452
          ],
          [
            103.89923113088659,
            1.329890799482252
          ],
          [
            103.90005772669717,
            1.3303025922092144
          ],
          [
            103.90089303757257,
            1.330759351878965
          ],
          [
            103.9017350190244,
            1.3312488803911693
          ],
          [
            103.90258162656424,
            1.3317589796454916
          ],
          [
            103.90343081570373,
            1.3322774515415978
          ],
          [
            103.90428054195442,
            1.3327920979791523
          ],
          [
            103.90512876082795,
            1.3332907208578202
          ],
          [
            103.90597342783593,
            1.3337611220772672
          ],
          [
            103.90681249848994,
            1.3341911035371574
          ],
          [
            103.9076439283016,
            1.3345684671371563
          ],
          [
            103.90846567278248,
            1.334881014776929
          ],
          [
            103.90927568744425,
            1.3351165483561402
          ],
          [
            103.91005649695163,
            1.3352627391412901
          ],
          [
            103.91079921098768,
            1.3353250485932453
          ],
          [
            103.91151466259151,
            1.3353179639032178
          ],
          [
            103.9122136848023,
            1.3352559722624213
          ],
          [
            103.91290711065909,
            1.3351535608620684
          ],
          [
            103.91360577320108,
            1.3350252168933718
          ],
          [
            103.91432050546732,
            1.3348854275475448
          ],
          [
            103.91506214049696,
            1.3347486800158004
          ],
          [
            103.9158415113291,
            1.334629461489351
          ],
          [
            103.91666945100286,
            1.3345422591594103
          ],
          [
            103.91755679255738,
            1.3345015602171906
          ],
          [
            103.91851436903175,
            1.334521851853905
          ],
          [
            103.91957639684186,
            1.3345721961955181
          ],
          [
            103.92075283220969,
            1.3346171012954093
          ],
          [
            103.92201811788345,
            1.3346642232359187
          ],
          [
            103.92334669661149,
            1.3347212180993846
          ],
          [
            103.92471301114202,
            1.3347957419681458
          ],
          [
            103.92609150422334,
            1.3348954509245412
          ],
          [
            103.9274566186037,
            1.335028001050909
          ],
          [
            103.92878279703139,
            1.3352010484295895
          ],
          [
            103.93004448225464,
            1.3354222491429204
          ],
          [
            103.93121611702175,
            1.3356992592732404
          ],
          [
            103.932272144081,
            1.3360397349028892
          ],
          [
            103.93318700618062,
            1.336451332114205
          ],
          [
            103.93286986491485,
            1.336614855303928
          ],
          [
            103.93393002269721,
            1.3366389076863248
          ],
          [
            103.93733524954428,
            1.3369743713558562
          ],
          [
            103.93797655995154,
            1.337093577867996
          ],
          [
            103.93863866484517,
            1.3373872541074585
          ],
          [
            103.93902842539596,
            1.3376745755642818
          ],
          [
            103.93936299665751,
            1.3380253563835531
          ],
          [
            103.93973988712524,
            1.3386469862146604
          ],
          [
            103.93989681524211,
            1.3391068671174147
          ],
          [
            103.93997243128759,
            1.339587121388036
          ],
          [
            103.93996446059036,
            1.3400733020845896
          ],
          [
            103.93982422950758,
            1.3407076514968892
          ],
          [
            103.9385319275977,
            1.3438368994228467
          ],
          [
            103.93843662946163,
            1.344328781133484
          ],
          [
            103.93842167760442,
            1.3448791228087376
          ],
          [
            103.93857262189366,
            1.3453148925641991
          ],
          [
            103.93899288123032,
            1.3460830319368315
          ],
          [
            103.9393782291546,
            1.3468902194767813
          ],
          [
            103.93973989484803,
            1.3477237587452324
          ],
          [
            103.94008910749224,
            1.3485709533033672
          ],
          [
            103.94043709626875,
            1.3494191067123686
          ],
          [
            103.94079509035919,
            1.3502555225334203
          ],
          [
            103.94117431894512,
            1.3510675043277052
          ],
          [
            103.94158601120809,
            1.3518423556564059
          ],
          [
            103.94204139632973,
            1.352567380080706
          ],
          [
            103.94255170349159,
            1.3532298811617887
          ],
          [
            103.94312816187526,
            1.3538171624608362
          ],
          [
            103.9437820006623,
            1.3543165275390323
          ],
          [
            103.94453764813157,
            1.354772220473826
          ],
          [
            103.94539839953528,
            1.3552262472477592
          ],
          [
            103.9463437845148,
            1.3556625542796514
          ],
          [
            103.94735333271154,
            1.3560650879883234
          ],
          [
            103.94840657376693,
            1.356417794792594
          ],
          [
            103.9494830373224,
            1.3567046211112843
          ],
          [
            103.95056225301933,
            1.3569095133632134
          ],
          [
            103.95162375049914,
            1.3570164179672017
          ],
          [
            103.95264705940326,
            1.3570092813420693
          ],
          [
            103.9536117093731,
            1.3568720499066365
          ],
          [
            103.95449723005007,
            1.3565886700797227
          ],
          [
            103.9552831510756,
            1.3561430882801482
          ],
          [
            103.95599142453065,
            1.3554755780229992
          ],
          [
            103.9566583512215,
            1.3545656445427992
          ],
          [
            103.95728498387768,
            1.3534560818375252
          ],
          [
            103.95787237522867,
            1.352189683905154
          ],
          [
            103.95842157800395,
            1.3508092447436617
          ],
          [
            103.95893364493304,
            1.3493575583510258
          ],
          [
            103.95940962874543,
            1.3478774187252223
          ],
          [
            103.95985058217059,
            1.346411619864228
          ],
          [
            103.96025755793802,
            1.3450029557660195
          ],
          [
            103.96063160877722,
            1.3436942204285733
          ],
          [
            103.96097378741769,
            1.3425282078498664
          ],
          [
            103.96128514658892,
            1.3415477120278756
          ],
          [
            103.96121385239238,
            1.340631613486775
          ],
          [
            103.96062055139286,
            1.338564384589203
          ],
          [
            103.96060349620522,
            1.3378274748335446
          ],
          [
            103.96078416022735,
            1.3371131445170517
          ],
          [
            103.96114920655539,
            1.3364741266335107
          ],
          [
            103.96148221644249,
            1.3361135927795078
          ],
          [
            103.96180812238418,
            1.335694408267913
          ],
          [
            103.96215814027617,
            1.3353658133213346
          ],
          [
            103.96239435938976,
            1.3351797416167697
          ]
        ]
      }
    },
    {
      "type": "Feature",
      "properties": {
        "featureClass": "rail_line",
        "railLineId": "rail-route:te",
        "railType": "MRT",
        "railLineCode": "TE",
        "routeId": "te",
        "stationIds": [
          "mrt-station:woodlands-north",
          "mrt-station:woodlands",
          "mrt-station:woodlands-south",
          "mrt-station:springleaf",
          "mrt-station:lentor",
          "mrt-station:mayflower",
          "mrt-station:bright-hill",
          "mrt-station:upper-thomson",
          "mrt-station:caldecott",
          "mrt-station:stevens",
          "mrt-station:napier",
          "mrt-station:orchard-boulevard",
          "mrt-station:orchard",
          "mrt-station:great-world",
          "mrt-station:havelock",
          "mrt-station:outram-park",
          "mrt-station:maxwell",
          "mrt-station:shenton-way",
          "mrt-station:marina-bay",
          "mrt-station:marina-south",
          "mrt-station:gardens-by-the-bay",
          "mrt-station:tanjong-rhu",
          "mrt-station:katong-park",
          "mrt-station:tanjong-katong",
          "mrt-station:marine-parade",
          "mrt-station:marine-terrace",
          "mrt-station:siglap",
          "mrt-station:bayshore"
        ],
        "sourceDatasetIds": [
          "d_e8bf3cff62f97300817d1fdcce382584",
          "d_b39d3a0871985372d7e1637193335da5",
          "d_d312a5b127e1ae74299b8ae664cedd4e"
        ],
        "sourceObservedAt": "2026-07-23T03:53:41.031Z",
        "simplificationTolerance": 0.00004,
        "geometrySource": "mixed_authoritative_and_curved_fallback",
        "authoritativeSegments": 6,
        "curvedFallbackSegments": 21
      },
      "geometry": {
        "type": "LineString",
        "coordinates": [
          [
            103.78526567604953,
            1.4484919011018793
          ],
          [
            103.78536713307851,
            1.4478874660652354
          ],
          [
            103.78547660613629,
            1.4471173955994205
          ],
          [
            103.78559688877995,
            1.4462084177376204
          ],
          [
            103.78573077456657,
            1.445187260513023
          ],
          [
            103.78588105705325,
            1.4440806519588152
          ],
          [
            103.78605052979704,
            1.4429153201081841
          ],
          [
            103.78624198635504,
            1.4417179929943171
          ],
          [
            103.78645822028435,
            1.4405153986504013
          ],
          [
            103.786702025142,
            1.4393342651096235
          ],
          [
            103.78697619448512,
            1.4382013204051711
          ],
          [
            103.7872835218708,
            1.437143292570231
          ],
          [
            103.78762680085607,
            1.436186909637991
          ],
          [
            103.78795853403062,
            1.4353734010603427
          ],
          [
            103.78824544825277,
            1.4346998459068339
          ],
          [
            103.7885116734828,
            1.4341267466371304
          ],
          [
            103.78878133968094,
            1.4336146057108983
          ],
          [
            103.78907857680746,
            1.4331239255878043
          ],
          [
            103.78942751482259,
            1.4326152087275152
          ],
          [
            103.78985228368661,
            1.4320489575896973
          ],
          [
            103.79037701335976,
            1.431385674634017
          ],
          [
            103.79102583380225,
            1.430585862320141
          ],
          [
            103.79182287497441,
            1.4296100231077353
          ],
          [
            103.79279226683643,
            1.4284186594564665
          ],
          [
            103.79395813934855,
            1.4269722738260016
          ],
          [
            103.7953676988108,
            1.425204985201931
          ],
          [
            103.79702466200283,
            1.4231179575281752
          ],
          [
            103.7988879246045,
            1.4207722607018975
          ],
          [
            103.80091638229568,
            1.418228964620261
          ],
          [
            103.80306893075624,
            1.4155491391804287
          ],
          [
            103.80530446566604,
            1.4127938542795635
          ],
          [
            103.80758188270491,
            1.410024179814828
          ],
          [
            103.80986007755277,
            1.4073011856833857
          ],
          [
            103.81209794588943,
            1.4046859417823996
          ],
          [
            103.81425438339478,
            1.402239518009032
          ],
          [
            103.81628828574866,
            1.4000229842604461
          ],
          [
            103.81815854863093,
            1.3980974104338055
          ],
          [
            103.81995250770208,
            1.3964388310118878
          ],
          [
            103.82177058127722,
            1.3949653735050123
          ],
          [
            103.82359128901791,
            1.393651247351649
          ],
          [
            103.82539315058578,
            1.3924706619902703
          ],
          [
            103.82715468564247,
            1.3913978268593477
          ],
          [
            103.82885441384963,
            1.3904069513973523
          ],
          [
            103.83047085486882,
            1.3894722450427561
          ],
          [
            103.83198252836173,
            1.3885679172340302
          ],
          [
            103.83336795398994,
            1.3876681774096462
          ],
          [
            103.83460565141512,
            1.3867472350080758
          ],
          [
            103.83567414029885,
            1.3857792994677907
          ],
          [
            103.83655194030277,
            1.3847385802272618
          ],
          [
            103.83721933122138,
            1.383645095681286
          ],
          [
            103.83768719692942,
            1.3825397199664016
          ],
          [
            103.83797996320885,
            1.3814279461336925
          ],
          [
            103.83812205584161,
            1.3803152672342418
          ],
          [
            103.8381379006097,
            1.3792071763191327
          ],
          [
            103.83805192329508,
            1.3781091664394494
          ],
          [
            103.83788854967969,
            1.3770267306462751
          ],
          [
            103.83767220554553,
            1.3759653619906935
          ],
          [
            103.83742731667456,
            1.374930553523788
          ],
          [
            103.83717830884876,
            1.3739277982966418
          ],
          [
            103.83694960785006,
            1.372962589360339
          ],
          [
            103.83676563946048,
            1.372040419765963
          ],
          [
            103.83657257492442,
            1.371166310567465
          ],
          [
            103.83630951327164,
            1.3703374645616315
          ],
          [
            103.83599027196212,
            1.3695476474138006
          ],
          [
            103.83562866845581,
            1.3687906247893082
          ],
          [
            103.83523852021271,
            1.3680601623534923
          ],
          [
            103.83483364469274,
            1.3673500257716893
          ],
          [
            103.83442785935593,
            1.3666539807092366
          ],
          [
            103.83403498166216,
            1.3659657928314712
          ],
          [
            103.83366882907146,
            1.3652792278037307
          ],
          [
            103.83334321904377,
            1.3645880512913509
          ],
          [
            103.83307196903907,
            1.3638860289596701
          ],
          [
            103.83286889651733,
            1.3631669264740247
          ],
          [
            103.83213709717886,
            1.3625271493786157
          ],
          [
            103.82943830970017,
            1.3601320442448188
          ],
          [
            103.8289991212539,
            1.3593843973351207
          ],
          [
            103.82881802933903,
            1.3585335936143539
          ],
          [
            103.82883502480635,
            1.3580547978257942
          ],
          [
            103.82895717053255,
            1.3575236205399066
          ],
          [
            103.8291626930901,
            1.35706160737054
          ],
          [
            103.82945106143852,
            1.3566427804292511
          ],
          [
            103.830080903551,
            1.356094500505907
          ],
          [
            103.83175423667826,
            1.3551391497278407
          ],
          [
            103.83213391640443,
            1.354925117642219
          ],
          [
            103.83282056841344,
            1.3545271235855987
          ],
          [
            103.83323581921093,
            1.3534021922320598
          ],
          [
            103.83385111998582,
            1.3521767626517867
          ],
          [
            103.83461660016941,
            1.3508648890350206
          ],
          [
            103.83548238919303,
            1.3494806255720033
          ],
          [
            103.83639861648797,
            1.3480380264529774
          ],
          [
            103.8373154114855,
            1.3465511458681836
          ],
          [
            103.83818290361695,
            1.3450340380078636
          ],
          [
            103.83895122231361,
            1.3435007570622601
          ],
          [
            103.83957049700676,
            1.341965357221614
          ],
          [
            103.83999085712775,
            1.340441892676167
          ],
          [
            103.84016243210783,
            1.3389444176161611
          ],
          [
            103.84003535137833,
            1.337486986231838
          ],
          [
            103.83957416584336,
            1.3360399958097637
          ],
          [
            103.83881072124403,
            1.3345692764156711
          ],
          [
            103.83779608926733,
            1.3330820314085523
          ],
          [
            103.8365813416002,
            1.3315854641473988
          ],
          [
            103.83521754992957,
            1.3300867779912031
          ],
          [
            103.8337557859424,
            1.3285931762989573
          ],
          [
            103.83224712132564,
            1.3271118624296525
          ],
          [
            103.83074262776621,
            1.3256500397422812
          ],
          [
            103.82929337695107,
            1.3242149115958355
          ],
          [
            103.82795044056718,
            1.3228136813493074
          ],
          [
            103.82676489030143,
            1.3214535523616886
          ],
          [
            103.82578779784083,
            1.3201417279919712
          ],
          [
            103.82495127480841,
            1.3188505148994267
          ],
          [
            103.82415640494229,
            1.3175544318392385
          ],
          [
            103.8234077181018,
            1.3162640003142623
          ],
          [
            103.82270974414624,
            1.314989741827355
          ],
          [
            103.82206701293497,
            1.3137421778813734
          ],
          [
            103.82148405432731,
            1.3125318299791737
          ],
          [
            103.82096539818264,
            1.3113692196236129
          ],
          [
            103.82051557436027,
            1.310264868317547
          ],
          [
            103.82013911271954,
            1.3092292975638333
          ],
          [
            103.81984054311981,
            1.3082730288653284
          ],
          [
            103.81962439542042,
            1.3074065837248883
          ],
          [
            103.81949519948066,
            1.30664048364537
          ],
          [
            103.81885022121736,
            1.3059492988953987
          ],
          [
            103.8188627272175,
            1.3056312366047074
          ],
          [
            103.81898736421272,
            1.304918969605217
          ],
          [
            103.81926569743518,
            1.3042202345692009
          ],
          [
            103.81962972589626,
            1.3036616258593372
          ],
          [
            103.8201560728338,
            1.3031259010934761
          ],
          [
            103.82077376689188,
            1.3027176459809888
          ],
          [
            103.8214317814113,
            1.3024554982676515
          ],
          [
            103.82218341289969,
            1.3023260970763597
          ],
          [
            103.82287997989083,
            1.3023517469608585
          ],
          [
            103.82332214589316,
            1.3024314043119398
          ],
          [
            103.82337809560386,
            1.3024427145208
          ],
          [
            103.82339921950184,
            1.3024469850151343
          ],
          [
            103.82376675527779,
            1.3030436388374476
          ],
          [
            103.82432920788354,
            1.302986323652454
          ],
          [
            103.82497383388103,
            1.3030351070699788
          ],
          [
            103.82568208775574,
            1.3031646748050765
          ],
          [
            103.8264354239931,
            1.303349712572802
          ],
          [
            103.82721529707855,
            1.3035649060882093
          ],
          [
            103.82800316149755,
            1.3037849410663533
          ],
          [
            103.82878047173554,
            1.3039845032222885
          ],
          [
            103.82952868227797,
            1.304138278271069
          ],
          [
            103.8302292476103,
            1.30422095192775
          ],
          [
            103.83086362221796,
            1.3042072099073856
          ],
          [
            103.83141326058642,
            1.3040717379250304
          ],
          [
            103.83185961720108,
            1.3037892216957392
          ],
          [
            103.83220436760895,
            1.3033450358518162
          ],
          [
            103.83246880953772,
            1.3027574889246685
          ],
          [
            103.83266383074366,
            1.3020506674780048
          ],
          [
            103.83280031898316,
            1.3012486580755325
          ],
          [
            103.83288916201252,
            1.3003755472809608
          ],
          [
            103.83294124758814,
            1.2994554216579977
          ],
          [
            103.83296746346633,
            1.298512367770351
          ],
          [
            103.83297869740346,
            1.2975704721817292
          ],
          [
            103.83298583715586,
            1.2966538214558405
          ],
          [
            103.83299977047989,
            1.2957865021563935
          ],
          [
            103.83303138513189,
            1.2949926008470958
          ],
          [
            103.8330915688682,
            1.2942962040916557
          ],
          [
            103.8331507826775,
            1.2936866774372682
          ],
          [
            103.8331783514547,
            1.2931309772535562
          ],
          [
            103.8331834588156,
            1.2926195763378727
          ],
          [
            103.83317528837598,
            1.2921429474875699
          ],
          [
            103.83316302375164,
            1.2916915635
          ],
          [
            103.83315584855838,
            1.2912558971725157
          ],
          [
            103.83316294641195,
            1.2908264213024694
          ],
          [
            103.83319350092818,
            1.2903936086872136
          ],
          [
            103.83325669572284,
            1.2899479321241005
          ],
          [
            103.83336171441174,
            1.2894798644104826
          ],
          [
            103.83351774061065,
            1.2889798783437125
          ],
          [
            103.83373395793534,
            1.2884384467211425
          ],
          [
            103.83401597162526,
            1.287836290221914
          ],
          [
            103.83435733016091,
            1.287171533499278
          ],
          [
            103.8347491320199,
            1.2864607553117513
          ],
          [
            103.83518247567974,
            1.2857205344178504
          ],
          [
            103.83564845961806,
            1.2849674495760928
          ],
          [
            103.83613818231233,
            1.2842180795449945
          ],
          [
            103.83664274224016,
            1.2834890030830723
          ],
          [
            103.83715323787911,
            1.2827967989488438
          ],
          [
            103.83766076770671,
            1.282158045900825
          ],
          [
            103.83815643020054,
            1.2815893226975328
          ],
          [
            103.83863132383814,
            1.2811072080974844
          ],
          [
            103.83907654709708,
            1.2807282808591962
          ],
          [
            103.83949467013704,
            1.2804679822602212
          ],
          [
            103.83989703926594,
            1.2803180526497109
          ],
          [
            103.84028791718362,
            1.2802595193935806
          ],
          [
            103.84067156659007,
            1.280273409857745
          ],
          [
            103.84105225018519,
            1.2803407514081193
          ],
          [
            103.84143423066888,
            1.280442571410619
          ],
          [
            103.84182177074106,
            1.2805598972311585
          ],
          [
            103.84221913310168,
            1.280673756235653
          ],
          [
            103.84263058045062,
            1.2807651757900174
          ],
          [
            103.84306037548782,
            1.2808151832601669
          ],
          [
            103.84351278091319,
            1.2808048060120163
          ],
          [
            103.84399205942665,
            1.2807150714114806
          ],
          [
            103.84450844279672,
            1.2805539302117515
          ],
          [
            103.8450637919308,
            1.280347139402042
          ],
          [
            103.84564981323703,
            1.2801024357023028
          ],
          [
            103.84625821312349,
            1.2798275558324839
          ],
          [
            103.84688069799826,
            1.2795302365125345
          ],
          [
            103.8475089742695,
            1.2792182144624056
          ],
          [
            103.84813474834525,
            1.2788992264020462
          ],
          [
            103.84874972663368,
            1.278581009051407
          ],
          [
            103.8493456155429,
            1.2782712991304375
          ],
          [
            103.84991412148098,
            1.2779778333590872
          ],
          [
            103.85044695085605,
            1.277708348457307
          ],
          [
            103.85093581007622,
            1.2774705811450464
          ],
          [
            103.85113303114879,
            1.2772622737455117
          ],
          [
            103.85284203034553,
            1.2761624947407595
          ],
          [
            103.85427736365172,
            1.275402762592635
          ],
          [
            103.85475756169367,
            1.27545774581069
          ],
          [
            103.85513069011677,
            1.2754511607510612
          ],
          [
            103.8556241093134,
            1.275290383423383
          ],
          [
            103.85615982364479,
            1.2751025025896767
          ],
          [
            103.85673041391192,
            1.2748979152590558
          ],
          [
            103.85732846091578,
            1.2746870184406334
          ],
          [
            103.85794654545734,
            1.274480209143523
          ],
          [
            103.85857724833758,
            1.2742878843768384
          ],
          [
            103.85921315035745,
            1.2741204411496925
          ],
          [
            103.85984683231794,
            1.273988276471199
          ],
          [
            103.86047087502003,
            1.2739017873504712
          ],
          [
            103.86107785926465,
            1.2738713707966227
          ],
          [
            103.86166036585283,
            1.2739074238187669
          ],
          [
            103.86221097558553,
            1.274020343426017
          ],
          [
            103.86273410171795,
            1.274177504579647
          ],
          [
            103.86324064635693,
            1.2743468036996162
          ],
          [
            103.8637329235808,
            1.2745394199830673
          ],
          [
            103.8642132474679,
            1.274766532627142
          ],
          [
            103.8646839320966,
            1.2750393208289823
          ],
          [
            103.86514729154524,
            1.2753689637857306
          ],
          [
            103.86560563989215,
            1.2757666406945287
          ],
          [
            103.8660612912157,
            1.2762435307525193
          ],
          [
            103.86651655959423,
            1.276810813156844
          ],
          [
            103.8669737591061,
            1.277479667104645
          ],
          [
            103.86743520382963,
            1.2782612717930644
          ],
          [
            103.8679032078432,
            1.2791668064192445
          ],
          [
            103.86835292368379,
            1.2802804656860913
          ],
          [
            103.86876601488042,
            1.281643632553118
          ],
          [
            103.8691545619994,
            1.2832032686023753
          ],
          [
            103.86953064560704,
            1.2849063354159154
          ],
          [
            103.86990634626969,
            1.2866997945757896
          ],
          [
            103.87029374455359,
            1.2885306076640501
          ],
          [
            103.87070492102512,
            1.2903457362627477
          ],
          [
            103.87115195625059,
            1.2920921419539346
          ],
          [
            103.87164693079627,
            1.2937167863196621
          ],
          [
            103.8722019252285,
            1.2951666309419818
          ],
          [
            103.8728290201136,
            1.2963886374029454
          ],
          [
            103.87354029601788,
            1.2973297672846047
          ],
          [
            103.87407180134261,
            1.2972201045267782
          ],
          [
            103.87482661133504,
            1.2971976993880743
          ],
          [
            103.87572917192863,
            1.2969662500288068
          ],
          [
            103.87642579903041,
            1.296905560533443
          ],
          [
            103.88149272759622,
            1.2979226383396725
          ],
          [
            103.88331386975796,
            1.2980845382910096
          ],
          [
            103.88532850679181,
            1.2979798036568762
          ],
          [
            103.88553387233816,
            1.297967016208191
          ],
          [
            103.88608064630657,
            1.2979590972838213
          ],
          [
            103.8870772719337,
            1.2980429434947984
          ],
          [
            103.88807073681237,
            1.2981219910504893
          ],
          [
            103.88905946403516,
            1.2981997829680865
          ],
          [
            103.89004187669455,
            1.2982798622647826
          ],
          [
            103.89101639788308,
            1.2983657719577708
          ],
          [
            103.89198145069324,
            1.2984610550642426
          ],
          [
            103.89293545821758,
            1.2985692546013916
          ],
          [
            103.89387684354863,
            1.2986939135864102
          ],
          [
            103.89480402977885,
            1.2988385750364906
          ],
          [
            103.89571544000086,
            1.2990067819688258
          ],
          [
            103.8966094973071,
            1.2992020774006083
          ],
          [
            103.89748462479011,
            1.2994280043490307
          ],
          [
            103.89833974717513,
            1.299694156832992
          ],
          [
            103.89917590045891,
            1.3000027750275802
          ],
          [
            103.89999467464169,
            1.300346371184274
          ],
          [
            103.90079765972355,
            1.3007174575545513
          ],
          [
            103.90158644570462,
            1.301108546389891
          ],
          [
            103.90236262258506,
            1.301512149941771
          ],
          [
            103.90312778036494,
            1.3019207804616697
          ],
          [
            103.90388350904442,
            1.3023269502010653
          ],
          [
            103.9046313986236,
            1.302723171411436
          ],
          [
            103.90537303910263,
            1.3031019563442603
          ],
          [
            103.90611002048162,
            1.3034558172510162
          ],
          [
            103.90684393276071,
            1.303777266383182
          ],
          [
            103.90675731253593,
            1.3036704499969611
          ],
          [
            103.90774171826871,
            1.304315507295633
          ],
          [
            103.909701428974,
            1.3052972701349053
          ],
          [
            103.90965780210858,
            1.3052755197058235
          ],
          [
            103.91065143253482,
            1.305664833209919
          ],
          [
            103.91327645118702,
            1.306248855704773
          ],
          [
            103.91337561733259,
            1.3062733047185164
          ],
          [
            103.91460886757936,
            1.306577358130204
          ],
          [
            103.91507441029029,
            1.30669394023776
          ],
          [
            103.91609329147946,
            1.3069494166873799
          ],
          [
            103.91721047017127,
            1.307208899439853
          ],
          [
            103.91840862981633,
            1.3074716175136616
          ],
          [
            103.91967045386528,
            1.3077367999272886
          ],
          [
            103.9209786257688,
            1.3080036756992168
          ],
          [
            103.92231582897749,
            1.3082714738479289
          ],
          [
            103.92366474694202,
            1.3085394233919068
          ],
          [
            103.92500806311303,
            1.3088067533496337
          ],
          [
            103.92632846094116,
            1.3090726927395921
          ],
          [
            103.92760862387706,
            1.309336470580265
          ],
          [
            103.92883123537135,
            1.3095973158901342
          ],
          [
            103.92997897887469,
            1.3098544576876834
          ],
          [
            103.9305395236522,
            1.3101471160397808
          ],
          [
            103.93121819040547,
            1.3103391111230238
          ],
          [
            103.93133372922311,
            1.3103623233944606
          ],
          [
            103.93202410972333,
            1.3104211584193344
          ],
          [
            103.93334371621026,
            1.310349237805475
          ],
          [
            103.93427931623769,
            1.310444060347041
          ],
          [
            103.9348582335793,
            1.3106328770753515
          ],
          [
            103.9354363193269,
            1.3109190988752546
          ],
          [
            103.93633153231563,
            1.3113162248601817
          ],
          [
            103.93764326883087,
            1.3116407588195635
          ],
          [
            103.94072011897181,
            1.3125539396548394
          ],
          [
            103.94158330608437,
            1.3128147333789453
          ]
        ]
      }
    },
    {
      "type": "Feature",
      "properties": {
        "featureClass": "rail_line",
        "railLineId": "rail-route:bp",
        "railType": "LRT",
        "railLineCode": "LRT",
        "routeId": "bp",
        "stationIds": [
          "mrt-station:choa-chu-kang",
          "mrt-station:south-view",
          "mrt-station:keat-hong",
          "mrt-station:teck-whye",
          "mrt-station:phoenix",
          "mrt-station:bukit-panjang",
          "mrt-station:petir",
          "mrt-station:pending",
          "mrt-station:bangkit",
          "mrt-station:fajar",
          "mrt-station:segar",
          "mrt-station:jelapang",
          "mrt-station:senja"
        ],
        "sourceDatasetIds": [
          "d_e8bf3cff62f97300817d1fdcce382584",
          "d_b39d3a0871985372d7e1637193335da5",
          "d_d312a5b127e1ae74299b8ae664cedd4e"
        ],
        "sourceObservedAt": "2026-07-23T03:53:41.031Z",
        "simplificationTolerance": 0.00004,
        "geometrySource": "authoritative_rail_centreline",
        "authoritativeSegments": 12,
        "curvedFallbackSegments": 0
      },
      "geometry": {
        "type": "LineString",
        "coordinates": [
          [
            103.74445818471796,
            1.3853280577571785
          ],
          [
            103.74458403655112,
            1.3845230011083247
          ],
          [
            103.74459830121071,
            1.3838519280602999
          ],
          [
            103.74413911585904,
            1.3811147690226404
          ],
          [
            103.74420809704272,
            1.3809112456148436
          ],
          [
            103.74435045322382,
            1.380750489586828
          ],
          [
            103.74512786678567,
            1.380378409486633
          ],
          [
            103.74511367142705,
            1.3803458500753834
          ],
          [
            103.74510113107972,
            1.3803176569910298
          ],
          [
            103.74511367142705,
            1.3803458500753834
          ],
          [
            103.74544644375584,
            1.3801959688059764
          ],
          [
            103.74602421285525,
            1.3798750263102095
          ],
          [
            103.74796642527765,
            1.3790009777515218
          ],
          [
            103.74885087755322,
            1.3786795273671708
          ],
          [
            103.74925364935386,
            1.3784982232146012
          ],
          [
            103.74922684160637,
            1.3784649670168292
          ],
          [
            103.74925364935386,
            1.3784982232146012
          ],
          [
            103.75319916876327,
            1.3767225242242027
          ],
          [
            103.75351291189286,
            1.3766562721112274
          ],
          [
            103.7538757453554,
            1.3766575540318282
          ],
          [
            103.75382610234246,
            1.3765641949369936
          ],
          [
            103.7538757453554,
            1.3766575540318282
          ],
          [
            103.7556334525298,
            1.377197808473134
          ],
          [
            103.7578371318751,
            1.3785408268827783
          ],
          [
            103.75824208392295,
            1.3786742008180222
          ],
          [
            103.75825247510643,
            1.378614068213967
          ],
          [
            103.75824208392295,
            1.3786742008180222
          ],
          [
            103.76032624289701,
            1.379441812893167
          ],
          [
            103.76070866996456,
            1.3794222659996467
          ],
          [
            103.76076736131449,
            1.3794472635037098
          ],
          [
            103.7609738338298,
            1.3792636596242984
          ],
          [
            103.7616204597729,
            1.3780287953669572
          ],
          [
            103.7621427618644,
            1.3786217351770065
          ],
          [
            103.7616204597729,
            1.3780287953669572
          ],
          [
            103.76178464113721,
            1.3778331168703666
          ],
          [
            103.76213052650742,
            1.3777256382668333
          ],
          [
            103.76277558060531,
            1.377869393500196
          ],
          [
            103.7632767225289,
            1.3779360590715206
          ],
          [
            103.7645486855379,
            1.3782469984781318
          ],
          [
            103.76526869211729,
            1.3783133733535864
          ],
          [
            103.76586599405115,
            1.3781906339505978
          ],
          [
            103.76650376082519,
            1.3778291797188031
          ],
          [
            103.76681101691995,
            1.3776373439096
          ],
          [
            103.76679301496294,
            1.37760322809516
          ],
          [
            103.76681101691995,
            1.3776373439096
          ],
          [
            103.76682909358153,
            1.3776670391966797
          ],
          [
            103.76937400122095,
            1.3760270032906512
          ],
          [
            103.77030686486948,
            1.3755050666312487
          ],
          [
            103.77053726605949,
            1.3754646856691513
          ],
          [
            103.770762028759,
            1.3755256900370962
          ],
          [
            103.77110359993254,
            1.3759182715527543
          ],
          [
            103.77138875831908,
            1.3763662917576138
          ],
          [
            103.77132784229688,
            1.376297117193637
          ],
          [
            103.77138875831908,
            1.3763662917576138
          ],
          [
            103.77221382454813,
            1.3777477938667497
          ],
          [
            103.77249836790531,
            1.3784052148297568
          ],
          [
            103.77262294539969,
            1.3789639420678277
          ],
          [
            103.77263336117143,
            1.379834328190529
          ],
          [
            103.77259057420869,
            1.3798533467645455
          ],
          [
            103.77263336117143,
            1.379834328190529
          ],
          [
            103.772633340484,
            1.380189579434062
          ],
          [
            103.77269444287833,
            1.3813842354950567
          ],
          [
            103.77255055639387,
            1.381651306671096
          ],
          [
            103.7722876810243,
            1.3817984299117632
          ],
          [
            103.77228722454583,
            1.3817985357104987
          ],
          [
            103.76975991833443,
            1.3817790224738873
          ],
          [
            103.76954197657047,
            1.381837474660129
          ],
          [
            103.76938292578673,
            1.3819882431479855
          ],
          [
            103.76931425020645,
            1.3821984940727698
          ],
          [
            103.76931881449487,
            1.3826186524926012
          ],
          [
            103.76945467397275,
            1.3831081728297017
          ],
          [
            103.76991135522368,
            1.383804113765125
          ],
          [
            103.77064549307816,
            1.3843765811127233
          ],
          [
            103.77067551844488,
            1.3844650711796456
          ],
          [
            103.77064549307816,
            1.3843765811127233
          ],
          [
            103.77094561239564,
            1.3846985850373918
          ],
          [
            103.77155991683121,
            1.38568356989417
          ],
          [
            103.77161271447197,
            1.3858909346262926
          ],
          [
            103.7715822876849,
            1.3861033317674116
          ],
          [
            103.77125248286532,
            1.3866398006380527
          ],
          [
            103.77098057391227,
            1.3869418074864013
          ],
          [
            103.77040467331621,
            1.3873307381355258
          ],
          [
            103.76993205369355,
            1.387563251789866
          ],
          [
            103.7694458370247,
            1.3878514502582997
          ],
          [
            103.76940991480218,
            1.3878115559952267
          ],
          [
            103.7694458370247,
            1.3878514502582997
          ],
          [
            103.76757533744826,
            1.3887687307933467
          ],
          [
            103.7671648084912,
            1.3888562390459602
          ],
          [
            103.76674517028407,
            1.388827792188623
          ],
          [
            103.76635000263954,
            1.3886856900691775
          ],
          [
            103.76600536859439,
            1.388438115225881
          ],
          [
            103.76465821187266,
            1.386840192544499
          ],
          [
            103.76467679284494,
            1.3868326995309255
          ],
          [
            103.76465821187266,
            1.386840192544499
          ],
          [
            103.76438122791538,
            1.386518452604261
          ],
          [
            103.76400809305943,
            1.3861268115490848
          ],
          [
            103.76305856794085,
            1.385458509418404
          ],
          [
            103.76259271430646,
            1.3848736535554433
          ],
          [
            103.76239123134037,
            1.3844174974103565
          ],
          [
            103.76219142766296,
            1.3836370103305415
          ],
          [
            103.76219092176594,
            1.383244810481968
          ],
          [
            103.7623016903478,
            1.382869304917899
          ],
          [
            103.76232576657173,
            1.3828754471752023
          ]
        ]
      }
    },
    {
      "type": "Feature",
      "properties": {
        "featureClass": "rail_line",
        "railLineId": "rail-route:se",
        "railType": "LRT",
        "railLineCode": "LRT",
        "routeId": "se",
        "stationIds": [
          "mrt-station:sengkang",
          "mrt-station:compassvale",
          "mrt-station:rumbia",
          "mrt-station:bakau",
          "mrt-station:kangkar",
          "mrt-station:ranggung",
          "mrt-station:sengkang"
        ],
        "sourceDatasetIds": [
          "d_e8bf3cff62f97300817d1fdcce382584",
          "d_b39d3a0871985372d7e1637193335da5",
          "d_d312a5b127e1ae74299b8ae664cedd4e"
        ],
        "sourceObservedAt": "2026-07-23T03:53:41.031Z",
        "simplificationTolerance": 0.00004,
        "geometrySource": "authoritative_rail_centreline",
        "authoritativeSegments": 6,
        "curvedFallbackSegments": 0
      },
      "geometry": {
        "type": "LineString",
        "coordinates": [
          [
            103.89548936790362,
            1.3917192967765781
          ],
          [
            103.89577011111578,
            1.3923708554748409
          ],
          [
            103.89623044330918,
            1.3937083308514608
          ],
          [
            103.89684302142037,
            1.3948774221391682
          ],
          [
            103.89718347980802,
            1.3951848376852432
          ],
          [
            103.89746820844117,
            1.3952620299803171
          ],
          [
            103.89777587228156,
            1.3952346473410866
          ],
          [
            103.89936245186489,
            1.394858492766756
          ],
          [
            103.90028411519467,
            1.3945287790493655
          ],
          [
            103.90079264167828,
            1.394337508748892
          ],
          [
            103.90066153357648,
            1.3944308469049642
          ],
          [
            103.90079264167828,
            1.394337508748892
          ],
          [
            103.90305057121238,
            1.3935186129125925
          ],
          [
            103.90387008446123,
            1.3931155723704334
          ],
          [
            103.9049816208277,
            1.3923505150133288
          ],
          [
            103.90566464240808,
            1.3917240623042015
          ],
          [
            103.90604436315978,
            1.3913334207377304
          ],
          [
            103.90606230550871,
            1.3913773641022749
          ],
          [
            103.90604436315978,
            1.3913334207377304
          ],
          [
            103.90665328260268,
            1.390607542542085
          ],
          [
            103.90677723961076,
            1.3902311824164553
          ],
          [
            103.90678769039674,
            1.3898348204177116
          ],
          [
            103.90670108490366,
            1.3894940798013522
          ],
          [
            103.90653206937166,
            1.389189559695109
          ],
          [
            103.90568152866302,
            1.3883346786541886
          ],
          [
            103.90536533818774,
            1.3878811555351496
          ],
          [
            103.90546387737824,
            1.388013092354575
          ],
          [
            103.90536533818774,
            1.3878811555351496
          ],
          [
            103.90392844963372,
            1.3867242885528295
          ],
          [
            103.90339568681091,
            1.3860280368452167
          ],
          [
            103.90302439580844,
            1.3853687949171476
          ],
          [
            103.90243142540874,
            1.3842684959167992
          ],
          [
            103.90215454163405,
            1.3837547161100456
          ],
          [
            103.90221196308491,
            1.3839198530203611
          ],
          [
            103.90215454163405,
            1.3837547161100456
          ],
          [
            103.90190626801103,
            1.3831890466686605
          ],
          [
            103.90169780850233,
            1.381836178217225
          ],
          [
            103.90144022829153,
            1.381541038477237
          ],
          [
            103.90106484572756,
            1.3814269755681967
          ],
          [
            103.90034456021303,
            1.3815796074716378
          ],
          [
            103.89984502773824,
            1.3818118106156592
          ],
          [
            103.8976502280881,
            1.3836932968371851
          ],
          [
            103.89732925479977,
            1.384143766374334
          ],
          [
            103.89727283093592,
            1.3841406347375078
          ],
          [
            103.89732925479977,
            1.384143766374334
          ],
          [
            103.8977152471693,
            1.383759678968718
          ],
          [
            103.89846874471317,
            1.383008137547637
          ],
          [
            103.89983976167399,
            1.3818613536098348
          ],
          [
            103.90031948504944,
            1.3816276262715927
          ],
          [
            103.901061502309,
            1.3814649091937576
          ],
          [
            103.90142597164123,
            1.3815770416015591
          ],
          [
            103.90167176519931,
            1.3818701866581633
          ],
          [
            103.90187627697318,
            1.3833383724298176
          ],
          [
            103.90207313741837,
            1.3837992176924125
          ],
          [
            103.90234975249417,
            1.384312529961109
          ],
          [
            103.90237215697185,
            1.3843541056087592
          ],
          [
            103.90302439580844,
            1.3853687949171476
          ],
          [
            103.90339568681091,
            1.3860280368452167
          ],
          [
            103.90392844963372,
            1.3867242885528295
          ],
          [
            103.90536533818774,
            1.3878811555351496
          ],
          [
            103.90568152866302,
            1.3883346786541886
          ],
          [
            103.90653206937166,
            1.389189559695109
          ],
          [
            103.90670108490366,
            1.3894940798013522
          ],
          [
            103.90678769039674,
            1.3898348204177116
          ],
          [
            103.90677723961076,
            1.3902311824164553
          ],
          [
            103.90665328260268,
            1.390607542542085
          ],
          [
            103.90604436315978,
            1.3913334207377304
          ],
          [
            103.90566464240808,
            1.3917240623042015
          ],
          [
            103.9049816208277,
            1.3923505150133288
          ],
          [
            103.90387008446123,
            1.3931155723704334
          ],
          [
            103.90305057121238,
            1.3935186129125925
          ],
          [
            103.90079264167828,
            1.394337508748892
          ],
          [
            103.90028411519467,
            1.3945287790493655
          ],
          [
            103.89936245186489,
            1.394858492766756
          ],
          [
            103.89777587228156,
            1.3952346473410866
          ],
          [
            103.89746820844117,
            1.3952620299803171
          ],
          [
            103.89718347980802,
            1.3951848376852432
          ],
          [
            103.89684302142037,
            1.3948774221391682
          ],
          [
            103.89623044330918,
            1.3937083308514608
          ],
          [
            103.89577011111578,
            1.3923708554748409
          ],
          [
            103.89548936790362,
            1.3917192967765781
          ]
        ]
      }
    },
    {
      "type": "Feature",
      "properties": {
        "featureClass": "rail_line",
        "railLineId": "rail-route:sw",
        "railType": "LRT",
        "railLineCode": "LRT",
        "routeId": "sw",
        "stationIds": [
          "mrt-station:sengkang",
          "mrt-station:cheng-lim",
          "mrt-station:farmway",
          "mrt-station:kupang",
          "mrt-station:thanggam",
          "mrt-station:fernvale",
          "mrt-station:layar",
          "mrt-station:tongkang",
          "mrt-station:renjong",
          "mrt-station:sengkang"
        ],
        "sourceDatasetIds": [
          "d_e8bf3cff62f97300817d1fdcce382584",
          "d_b39d3a0871985372d7e1637193335da5",
          "d_d312a5b127e1ae74299b8ae664cedd4e"
        ],
        "sourceObservedAt": "2026-07-23T03:53:41.031Z",
        "simplificationTolerance": 0.00004,
        "geometrySource": "mixed_authoritative_and_curved_fallback",
        "authoritativeSegments": 6,
        "curvedFallbackSegments": 3
      },
      "geometry": {
        "type": "LineString",
        "coordinates": [
          [
            103.89548936790362,
            1.3917192967765781
          ],
          [
            103.89541694629193,
            1.3919513763618565
          ],
          [
            103.89533889353771,
            1.3922580176310662
          ],
          [
            103.89525318213988,
            1.3926249240921162
          ],
          [
            103.89515778459744,
            1.3930377992529155
          ],
          [
            103.89505067340932,
            1.3934823466213728
          ],
          [
            103.89492982107446,
            1.3939442697053972
          ],
          [
            103.89479320009183,
            1.394409272012898
          ],
          [
            103.89463878296034,
            1.3948630570517835
          ],
          [
            103.89446454217901,
            1.395291328329963
          ],
          [
            103.89426845024674,
            1.3956797893553454
          ],
          [
            103.8940484796625,
            1.3960141436358398
          ],
          [
            103.89380260292525,
            1.3962800946793545
          ],
          [
            103.8936619155333,
            1.3963720965132005
          ],
          [
            103.89322564278048,
            1.3964211766982721
          ],
          [
            103.89179737147914,
            1.3968153327318222
          ],
          [
            103.88966484233536,
            1.3970763456023512
          ],
          [
            103.88908839863018,
            1.3971514650302082
          ],
          [
            103.8892612323647,
            1.3971669110404612
          ],
          [
            103.88908839863018,
            1.3971514650302082
          ],
          [
            103.88163934616651,
            1.3981210899771657
          ],
          [
            103.88110860965978,
            1.3982690267797915
          ],
          [
            103.88113855300325,
            1.3982214946162514
          ],
          [
            103.88110860965978,
            1.3982690267797915
          ],
          [
            103.8810993209527,
            1.398176262762292
          ],
          [
            103.87637740317403,
            1.3986226102651171
          ],
          [
            103.8760956156117,
            1.3985362577478782
          ],
          [
            103.87588257211368,
            1.3983451659517758
          ],
          [
            103.87577087684348,
            1.3981020017379135
          ],
          [
            103.87571913663822,
            1.3977052763562745
          ],
          [
            103.87566912448544,
            1.3971614805812649
          ],
          [
            103.87562660067039,
            1.397195247131311
          ],
          [
            103.87566912448544,
            1.3971614805812649
          ],
          [
            103.87558227476129,
            1.395996737501016
          ],
          [
            103.87592493645067,
            1.3944925309380132
          ],
          [
            103.87583131598943,
            1.3929791430358343
          ],
          [
            103.8759256580163,
            1.3925419094304516
          ],
          [
            103.8760711494228,
            1.3922837054719124
          ],
          [
            103.87626165389224,
            1.3921582676260966
          ],
          [
            103.87646553135373,
            1.3919870900987101
          ],
          [
            103.87669863594034,
            1.3918904734027597
          ],
          [
            103.87695875897545,
            1.3918550548227953
          ],
          [
            103.87724369178245,
            1.3918674716433665
          ],
          [
            103.87755122568473,
            1.3919143611490232
          ],
          [
            103.8778791520056,
            1.3919823606243156
          ],
          [
            103.87822526206851,
            1.3920581073537925
          ],
          [
            103.8785873471968,
            1.3921282386220049
          ],
          [
            103.87896319871386,
            1.3921793917135021
          ],
          [
            103.87935060794304,
            1.3921982039128338
          ],
          [
            103.87974736620771,
            1.39217131250455
          ],
          [
            103.88015126483127,
            1.3920853547732006
          ],
          [
            103.87988708503114,
            1.3920399899124403
          ],
          [
            103.88042989844836,
            1.3920488861453242
          ],
          [
            103.88114671609448,
            1.3920089077930489
          ],
          [
            103.88218815369036,
            1.3916422111108653
          ],
          [
            103.88568091730902,
            1.389441359293793
          ],
          [
            103.88614101213122,
            1.3891518133173961
          ],
          [
            103.88602323575125,
            1.3892795844733175
          ],
          [
            103.88614101213122,
            1.3891518133173961
          ],
          [
            103.88828448440474,
            1.3877856078735997
          ],
          [
            103.88869545310283,
            1.3875993481382036
          ],
          [
            103.88896211526813,
            1.3874315498155279
          ],
          [
            103.88937305329709,
            1.3872452981057302
          ],
          [
            103.88979771270688,
            1.38699107311592
          ],
          [
            103.89017964597367,
            1.386864589555226
          ],
          [
            103.89042367692801,
            1.3867560500520364
          ],
          [
            103.89083864983775,
            1.3869233273240251
          ],
          [
            103.89128809118762,
            1.387207440026907
          ],
          [
            103.89176205142768,
            1.3875867735289626
          ],
          [
            103.89225058100796,
            1.3880397131984723
          ],
          [
            103.89274373037851,
            1.3885446444037173
          ],
          [
            103.89323154998938,
            1.3890799525129771
          ],
          [
            103.89370409029058,
            1.3896240228945336
          ],
          [
            103.89415140173222,
            1.3901552409166666
          ],
          [
            103.89456353476429,
            1.390651991947657
          ],
          [
            103.89493053983686,
            1.3910926613557852
          ],
          [
            103.89524246739997,
            1.3914556345093323
          ],
          [
            103.89548936790365,
            1.3917192967765784
          ]
        ]
      }
    },
    {
      "type": "Feature",
      "properties": {
        "featureClass": "rail_line",
        "railLineId": "rail-route:pe",
        "railType": "LRT",
        "railLineCode": "LRT",
        "routeId": "pe",
        "stationIds": [
          "mrt-station:punggol",
          "mrt-station:cove",
          "mrt-station:meridian",
          "mrt-station:coral-edge",
          "mrt-station:riviera",
          "mrt-station:kadaloor",
          "mrt-station:oasis",
          "mrt-station:damai",
          "mrt-station:punggol"
        ],
        "sourceDatasetIds": [
          "d_e8bf3cff62f97300817d1fdcce382584",
          "d_b39d3a0871985372d7e1637193335da5",
          "d_d312a5b127e1ae74299b8ae664cedd4e"
        ],
        "sourceObservedAt": "2026-07-23T03:53:41.031Z",
        "simplificationTolerance": 0.00004,
        "geometrySource": "mixed_authoritative_and_curved_fallback",
        "authoritativeSegments": 5,
        "curvedFallbackSegments": 3
      },
      "geometry": {
        "type": "LineString",
        "coordinates": [
          [
            103.90220458929751,
            1.4048161949745839
          ],
          [
            103.90184006791426,
            1.4040773139989624
          ],
          [
            103.90106295243412,
            1.4026214166237545
          ],
          [
            103.9010431350189,
            1.4022744907386069
          ],
          [
            103.90119118198517,
            1.4019692655854172
          ],
          [
            103.90150789224096,
            1.4017412572712962
          ],
          [
            103.90512639335532,
            1.3999604787524538
          ],
          [
            103.90570915358468,
            1.399576295320226
          ],
          [
            103.9061260261989,
            1.3991486649913885
          ],
          [
            103.906052374688,
            1.3992135250589088
          ],
          [
            103.9061260261989,
            1.3991486649913885
          ],
          [
            103.90873415007938,
            1.3970032678010806
          ],
          [
            103.90891766467064,
            1.3969013699690482
          ],
          [
            103.9092009042828,
            1.3966601548540507
          ],
          [
            103.90949684325093,
            1.39639047594733
          ],
          [
            103.90980332608255,
            1.396100058482208
          ],
          [
            103.91011819728521,
            1.3957966276920073
          ],
          [
            103.91043930136648,
            1.39548790881005
          ],
          [
            103.91076448283384,
            1.395181627069658
          ],
          [
            103.91109158619487,
            1.394885507704154
          ],
          [
            103.91141845595706,
            1.39460727594686
          ],
          [
            103.91174293662802,
            1.3943546570310976
          ],
          [
            103.91206287271523,
            1.3941353761901902
          ],
          [
            103.91237610872626,
            1.3939571586574593
          ],
          [
            103.91268048916862,
            1.3938277296662274
          ],
          [
            103.91277987274769,
            1.3936906411079053
          ],
          [
            103.91391065191601,
            1.3928432349272224
          ],
          [
            103.9142263133372,
            1.3927353832553613
          ],
          [
            103.91455141822328,
            1.392742444125012
          ],
          [
            103.9148404703069,
            1.392852581903438
          ],
          [
            103.91508946703834,
            1.393056604794085
          ],
          [
            103.91608888184942,
            1.394369801757761
          ],
          [
            103.91609928452392,
            1.3944423385440405
          ],
          [
            103.91608888184942,
            1.394369801757761
          ],
          [
            103.91643310369487,
            1.394848932000867
          ],
          [
            103.91806257449264,
            1.3971746521346646
          ],
          [
            103.9182507175634,
            1.3977323063211307
          ],
          [
            103.91818889820091,
            1.3981393868073797
          ],
          [
            103.91798540439721,
            1.3984773863337974
          ],
          [
            103.91667972236186,
            1.3994927663283026
          ],
          [
            103.91645229440469,
            1.3996103651652896
          ],
          [
            103.91628413443156,
            1.3999210113154286
          ],
          [
            103.91606736587651,
            1.4002007455380154
          ],
          [
            103.91580868939914,
            1.4004541473496992
          ],
          [
            103.91551480565901,
            1.4006857962671275
          ],
          [
            103.91519241531572,
            1.4009002718069494
          ],
          [
            103.91484821902883,
            1.401102153485813
          ],
          [
            103.9144889174579,
            1.4012960208203669
          ],
          [
            103.91412121126253,
            1.4014864533272595
          ],
          [
            103.9137518011023,
            1.4016780305231396
          ],
          [
            103.91338738763676,
            1.4018753319246553
          ],
          [
            103.91303467152551,
            1.402082937048455
          ],
          [
            103.91270035342814,
            1.4023054254111875
          ],
          [
            103.9128985915327,
            1.4022178152412832
          ],
          [
            103.9123664622198,
            1.4024854018854047
          ],
          [
            103.90871637998443,
            1.4051065802397102
          ],
          [
            103.90870304151012,
            1.4051653208712422
          ],
          [
            103.90822838895343,
            1.4052474687129846
          ],
          [
            103.90768949448928,
            1.4052887996672494
          ],
          [
            103.9071019824102,
            1.4052954910730184
          ],
          [
            103.90648147700877,
            1.4052737202692736
          ],
          [
            103.9058436025775,
            1.4052296645949953
          ],
          [
            103.90520398340894,
            1.4051695013891665
          ],
          [
            103.90457824379567,
            1.4050994079907677
          ],
          [
            103.90398200803021,
            1.405025561738781
          ],
          [
            103.90343090040511,
            1.4049541399721877
          ],
          [
            103.90294054521294,
            1.404891320029969
          ],
          [
            103.90252656674622,
            1.4048432792511074
          ],
          [
            103.9022045892975,
            1.4048161949745837
          ]
        ]
      }
    },
    {
      "type": "Feature",
      "properties": {
        "featureClass": "rail_line",
        "railLineId": "rail-route:pw",
        "railType": "LRT",
        "railLineCode": "LRT",
        "routeId": "pw",
        "stationIds": [
          "mrt-station:punggol",
          "mrt-station:sam-kee",
          "mrt-station:teck-lee",
          "mrt-station:punggol-point",
          "mrt-station:samudera",
          "mrt-station:nibong",
          "mrt-station:sumang",
          "mrt-station:soo-teck",
          "mrt-station:punggol"
        ],
        "sourceDatasetIds": [
          "d_e8bf3cff62f97300817d1fdcce382584",
          "d_b39d3a0871985372d7e1637193335da5",
          "d_d312a5b127e1ae74299b8ae664cedd4e"
        ],
        "sourceObservedAt": "2026-07-23T03:53:41.031Z",
        "simplificationTolerance": 0.00004,
        "geometrySource": "mixed_authoritative_and_curved_fallback",
        "authoritativeSegments": 6,
        "curvedFallbackSegments": 2
      },
      "geometry": {
        "type": "LineString",
        "coordinates": [
          [
            103.90220458929751,
            1.4048161949745839
          ],
          [
            103.90233870120785,
            1.4050611002223177
          ],
          [
            103.90251086200527,
            1.4053755837073034
          ],
          [
            103.90271466381121,
            1.4057479084506124
          ],
          [
            103.90294369874698,
            1.4061663374733162
          ],
          [
            103.90319155893397,
            1.4066191337964868
          ],
          [
            103.9034518364935,
            1.4070945604411949
          ],
          [
            103.90371812354697,
            1.4075808804285124
          ],
          [
            103.9039840122157,
            1.408066356779511
          ],
          [
            103.9042430946211,
            1.4085392525152616
          ],
          [
            103.90448896288446,
            1.4089878306568362
          ],
          [
            103.90471520912719,
            1.4094003542253057
          ],
          [
            103.90491542547065,
            1.4097650862417423
          ],
          [
            103.90496559111438,
            1.409952920491229
          ],
          [
            103.90644308586101,
            1.4126378482112287
          ],
          [
            103.90680889611644,
            1.4131101547563159
          ],
          [
            103.90664615971971,
            1.412902368913235
          ],
          [
            103.90680889611644,
            1.4131101547563159
          ],
          [
            103.90672787023885,
            1.4131553619287625
          ],
          [
            103.90763518683731,
            1.414820559440408
          ],
          [
            103.90776501490355,
            1.4153927856234554
          ],
          [
            103.90770212710373,
            1.4158095986899766
          ],
          [
            103.90750055696351,
            1.4162054467552527
          ],
          [
            103.90722002694699,
            1.4164864594957771
          ],
          [
            103.90677790114756,
            1.4167374497945084
          ],
          [
            103.9067555486285,
            1.4167894179276284
          ],
          [
            103.90677790114756,
            1.4167374497945084
          ],
          [
            103.90629405330058,
            1.4170863178499673
          ],
          [
            103.90519957206014,
            1.417471463593043
          ],
          [
            103.9048047218535,
            1.4175013216839576
          ],
          [
            103.90443231313789,
            1.41744850755504
          ],
          [
            103.9039322635986,
            1.4172457131638354
          ],
          [
            103.90277864228413,
            1.4165482083565188
          ],
          [
            103.9022470229811,
            1.4160709972543188
          ],
          [
            103.90213653486909,
            1.4158856087872789
          ],
          [
            103.9022470229811,
            1.4160709972543188
          ],
          [
            103.90185705998061,
            1.4156287535370997
          ],
          [
            103.90154628867964,
            1.4151552752165253
          ],
          [
            103.90083053419457,
            1.4128091445171558
          ],
          [
            103.90039779889175,
            1.4120377912708642
          ],
          [
            103.90030268112983,
            1.4118415485297002
          ],
          [
            103.90039779889175,
            1.4120377912708642
          ],
          [
            103.90012107170098,
            1.4115153042681736
          ],
          [
            103.89961981454111,
            1.410464205198857
          ],
          [
            103.89860848515046,
            1.408636119436778
          ],
          [
            103.89854640201656,
            1.4084281664294225
          ],
          [
            103.89840068959275,
            1.4081397817070023
          ],
          [
            103.89822731462782,
            1.4078372516440691
          ],
          [
            103.89803649131159,
            1.4075255578537889
          ],
          [
            103.89783843383383,
            1.4072096819493283
          ],
          [
            103.89764335638428,
            1.4068946055438534
          ],
          [
            103.89746147315277,
            1.4065853102505306
          ],
          [
            103.89730299832902,
            1.4062867776825267
          ],
          [
            103.89717814610283,
            1.4060039894530076
          ],
          [
            103.89709713066398,
            1.40574192717514
          ],
          [
            103.89707016620225,
            1.4055055724620902
          ],
          [
            103.89710746690736,
            1.405299906927024
          ],
          [
            103.89721924696914,
            1.4051299121831085
          ],
          [
            103.89719084929337,
            1.4048911248465827
          ],
          [
            103.89695111925191,
            1.403935890286066
          ],
          [
            103.89701270668436,
            1.4036507663119304
          ],
          [
            103.89718901841178,
            1.4034168451512057
          ],
          [
            103.8975546106024,
            1.4032309476918794
          ],
          [
            103.9001190580438,
            1.4023541439372729
          ],
          [
            103.9004830523503,
            1.402364749780514
          ],
          [
            103.90078933224626,
            1.4025536696695557
          ],
          [
            103.90172466094383,
            1.404039323284844
          ],
          [
            103.90184006791426,
            1.4040773139989624
          ],
          [
            103.90220458929751,
            1.4048161949745839
          ]
        ]
      }
    },
    {
      "type": "Feature",
      "properties": {
        "featureClass": "station",
        "stationId": "mrt-station:admiralty",
        "stationName": "ADMIRALTY",
        "exitIdentities": [
          "071776EA2CE1E3E9",
          "37905A3114C1A244",
          "746E9DB47E3B63DD",
          "887FE97DECFFEA05"
        ],
        "sourceDates": [
          "20251202172807"
        ],
        "lineReferences": [
          "NS10"
        ],
        "sourceDatasetIds": [
          "d_b39d3a0871985372d7e1637193335da5",
          "d_449ee0cec1f9574f8f34712da6f7456f",
          "d_d312a5b127e1ae74299b8ae664cedd4e"
        ],
        "sourceObservedAt": "2026-07-23T03:53:41.031Z"
      },
      "geometry": {
        "type": "Point",
        "coordinates": [
          103.80085749444699,
          1.4404069329400087
        ]
      }
    },
    {
      "type": "Feature",
      "properties": {
        "featureClass": "station",
        "stationId": "mrt-station:aljunied",
        "stationName": "ALJUNIED",
        "exitIdentities": [
          "045EB7203A0A5B4F",
          "7C42B43D848F246C"
        ],
        "sourceDates": [
          "20251202172807"
        ],
        "lineReferences": [
          "EW9"
        ],
        "sourceDatasetIds": [
          "d_b39d3a0871985372d7e1637193335da5",
          "d_449ee0cec1f9574f8f34712da6f7456f",
          "d_d312a5b127e1ae74299b8ae664cedd4e"
        ],
        "sourceObservedAt": "2026-07-23T03:53:41.031Z"
      },
      "geometry": {
        "type": "Point",
        "coordinates": [
          103.88248476911996,
          1.3163632078243936
        ]
      }
    },
    {
      "type": "Feature",
      "properties": {
        "featureClass": "station",
        "stationId": "mrt-station:ang-mo-kio",
        "stationName": "ANG MO KIO",
        "exitIdentities": [
          "2FA1606517F7F394",
          "65B35A9BB66315DF",
          "6CB268C777B52269",
          "87583D09ABBEFC42"
        ],
        "sourceDates": [
          "20251202172807"
        ],
        "lineReferences": [
          "NS16"
        ],
        "sourceDatasetIds": [
          "d_b39d3a0871985372d7e1637193335da5",
          "d_449ee0cec1f9574f8f34712da6f7456f",
          "d_d312a5b127e1ae74299b8ae664cedd4e"
        ],
        "sourceObservedAt": "2026-07-23T03:53:41.031Z"
      },
      "geometry": {
        "type": "Point",
        "coordinates": [
          103.84967573689514,
          1.3696182336423717
        ]
      }
    },
    {
      "type": "Feature",
      "properties": {
        "featureClass": "station",
        "stationId": "mrt-station:bakau",
        "stationName": "BAKAU LRT STATION",
        "exitIdentities": [
          "8A3C1E7317417FD2",
          "FD691A27B9222ACC"
        ],
        "sourceDates": [
          "20251202172807"
        ],
        "lineReferences": [
          "SE3"
        ],
        "sourceDatasetIds": [
          "d_b39d3a0871985372d7e1637193335da5",
          "d_449ee0cec1f9574f8f34712da6f7456f",
          "d_d312a5b127e1ae74299b8ae664cedd4e"
        ],
        "sourceObservedAt": "2026-07-23T03:53:41.031Z"
      },
      "geometry": {
        "type": "Point",
        "coordinates": [
          103.90546387737824,
          1.388013092354575
        ]
      }
    },
    {
      "type": "Feature",
      "properties": {
        "featureClass": "station",
        "stationId": "mrt-station:bangkit",
        "stationName": "BANGKIT LRT STATION",
        "exitIdentities": [
          "B7DF61CC7C6C3B13"
        ],
        "sourceDates": [
          "20251202172807"
        ],
        "lineReferences": [
          "BP9"
        ],
        "sourceDatasetIds": [
          "d_b39d3a0871985372d7e1637193335da5",
          "d_449ee0cec1f9574f8f34712da6f7456f",
          "d_d312a5b127e1ae74299b8ae664cedd4e"
        ],
        "sourceObservedAt": "2026-07-23T03:53:41.031Z"
      },
      "geometry": {
        "type": "Point",
        "coordinates": [
          103.77259057420869,
          1.3798533467645455
        ]
      }
    },
    {
      "type": "Feature",
      "properties": {
        "featureClass": "station",
        "stationId": "mrt-station:bartley",
        "stationName": "BARTLEY",
        "exitIdentities": [
          "0455856EC60DC1B0",
          "21A49043695321F2"
        ],
        "sourceDates": [
          "20251202172807"
        ],
        "lineReferences": [
          "CC12"
        ],
        "sourceDatasetIds": [
          "d_b39d3a0871985372d7e1637193335da5",
          "d_449ee0cec1f9574f8f34712da6f7456f",
          "d_d312a5b127e1ae74299b8ae664cedd4e"
        ],
        "sourceObservedAt": "2026-07-23T03:53:41.031Z"
      },
      "geometry": {
        "type": "Point",
        "coordinates": [
          103.87958229359455,
          1.3428749053727125
        ]
      }
    },
    {
      "type": "Feature",
      "properties": {
        "featureClass": "station",
        "stationId": "mrt-station:bayfront",
        "stationName": "BAYFRONT",
        "exitIdentities": [
          "2379024BE499AD08",
          "9446A698C2D12F17",
          "959F42085F43D0D7",
          "D926E2FE3DE5668D",
          "F8BA0963046FE249"
        ],
        "sourceDates": [
          "20251202172807"
        ],
        "lineReferences": [
          "CE1",
          "DT16"
        ],
        "sourceDatasetIds": [
          "d_b39d3a0871985372d7e1637193335da5",
          "d_449ee0cec1f9574f8f34712da6f7456f",
          "d_d312a5b127e1ae74299b8ae664cedd4e"
        ],
        "sourceObservedAt": "2026-07-23T03:53:41.031Z"
      },
      "geometry": {
        "type": "Point",
        "coordinates": [
          103.85920456548351,
          1.282089309786341
        ]
      }
    },
    {
      "type": "Feature",
      "properties": {
        "featureClass": "station",
        "stationId": "mrt-station:bayshore",
        "stationName": "BAYSHORE",
        "exitIdentities": [
          "627189E55776A726",
          "72CF4D8065313905",
          "934C58722E4ADC1A",
          "AA83FB2CE4CCFB86",
          "CF6FB3FF74566524"
        ],
        "sourceDates": [
          "20251202172807"
        ],
        "lineReferences": [
          "TE29"
        ],
        "sourceDatasetIds": [
          "d_b39d3a0871985372d7e1637193335da5",
          "d_449ee0cec1f9574f8f34712da6f7456f",
          "d_d312a5b127e1ae74299b8ae664cedd4e"
        ],
        "sourceObservedAt": "2026-07-23T03:53:41.031Z"
      },
      "geometry": {
        "type": "Point",
        "coordinates": [
          103.94158330608437,
          1.3128147333789453
        ]
      }
    },
    {
      "type": "Feature",
      "properties": {
        "featureClass": "station",
        "stationId": "mrt-station:beauty-world",
        "stationName": "BEAUTY\r\nWORLD",
        "exitIdentities": [
          "7E2D6AAB2D36BBBA",
          "91AF290F33622FDB",
          "D320410A69021932"
        ],
        "sourceDates": [
          "20251202172807"
        ],
        "lineReferences": [
          "DT5"
        ],
        "sourceDatasetIds": [
          "d_b39d3a0871985372d7e1637193335da5",
          "d_449ee0cec1f9574f8f34712da6f7456f",
          "d_d312a5b127e1ae74299b8ae664cedd4e"
        ],
        "sourceObservedAt": "2026-07-23T03:53:41.031Z"
      },
      "geometry": {
        "type": "Point",
        "coordinates": [
          103.77573217376438,
          1.3410867460890723
        ]
      }
    },
    {
      "type": "Feature",
      "properties": {
        "featureClass": "station",
        "stationId": "mrt-station:bedok",
        "stationName": "BEDOK",
        "exitIdentities": [
          "20B9A6B793404FF3",
          "29CA710B93C2CB4B",
          "D5D6C1E315FDB9D7"
        ],
        "sourceDates": [
          "20251202172807"
        ],
        "lineReferences": [
          "EW5"
        ],
        "sourceDatasetIds": [
          "d_b39d3a0871985372d7e1637193335da5",
          "d_449ee0cec1f9574f8f34712da6f7456f",
          "d_d312a5b127e1ae74299b8ae664cedd4e"
        ],
        "sourceObservedAt": "2026-07-23T03:53:41.031Z"
      },
      "geometry": {
        "type": "Point",
        "coordinates": [
          103.92941150425963,
          1.3239705415943168
        ]
      }
    },
    {
      "type": "Feature",
      "properties": {
        "featureClass": "station",
        "stationId": "mrt-station:bedok-north",
        "stationName": "BEDOK NORTH",
        "exitIdentities": [
          "472D306FE205DA62",
          "4D84939055694394",
          "7227ED6E51A0A478",
          "D120C83FD7AA7B80"
        ],
        "sourceDates": [
          "20251202172807"
        ],
        "lineReferences": [
          "DT29"
        ],
        "sourceDatasetIds": [
          "d_b39d3a0871985372d7e1637193335da5",
          "d_449ee0cec1f9574f8f34712da6f7456f",
          "d_d312a5b127e1ae74299b8ae664cedd4e"
        ],
        "sourceObservedAt": "2026-07-23T03:53:41.031Z"
      },
      "geometry": {
        "type": "Point",
        "coordinates": [
          103.91851436903175,
          1.3345218518539055
        ]
      }
    },
    {
      "type": "Feature",
      "properties": {
        "featureClass": "station",
        "stationId": "mrt-station:bedok-reservoir",
        "stationName": "BEDOK RESERVOIR",
        "exitIdentities": [
          "2B5A7B2D633B3BD5",
          "D9EF7EDA7B6AE00E"
        ],
        "sourceDates": [
          "20251202172807"
        ],
        "lineReferences": [
          "DT30"
        ],
        "sourceDatasetIds": [
          "d_b39d3a0871985372d7e1637193335da5",
          "d_449ee0cec1f9574f8f34712da6f7456f",
          "d_d312a5b127e1ae74299b8ae664cedd4e"
        ],
        "sourceObservedAt": "2026-07-23T03:53:41.031Z"
      },
      "geometry": {
        "type": "Point",
        "coordinates": [
          103.93318700618062,
          1.3364513321142049
        ]
      }
    },
    {
      "type": "Feature",
      "properties": {
        "featureClass": "station",
        "stationId": "mrt-station:bencoolen",
        "stationName": "BENCOOLEN",
        "exitIdentities": [
          "0DF43E9348A676BC",
          "58C4E2D41BF56E13",
          "B84D682A36C94724"
        ],
        "sourceDates": [
          "20251202172807"
        ],
        "lineReferences": [
          "DT21"
        ],
        "sourceDatasetIds": [
          "d_b39d3a0871985372d7e1637193335da5",
          "d_449ee0cec1f9574f8f34712da6f7456f",
          "d_d312a5b127e1ae74299b8ae664cedd4e"
        ],
        "sourceObservedAt": "2026-07-23T03:53:41.031Z"
      },
      "geometry": {
        "type": "Point",
        "coordinates": [
          103.84989185539355,
          1.298364571380096
        ]
      }
    },
    {
      "type": "Feature",
      "properties": {
        "featureClass": "station",
        "stationId": "mrt-station:bendemeer",
        "stationName": "BENDEMEER",
        "exitIdentities": [
          "5EC1075AF445471C",
          "CC5340F062D36648"
        ],
        "sourceDates": [
          "20251202172807"
        ],
        "lineReferences": [
          "DT23"
        ],
        "sourceDatasetIds": [
          "d_b39d3a0871985372d7e1637193335da5",
          "d_449ee0cec1f9574f8f34712da6f7456f",
          "d_d312a5b127e1ae74299b8ae664cedd4e"
        ],
        "sourceObservedAt": "2026-07-23T03:53:41.031Z"
      },
      "geometry": {
        "type": "Point",
        "coordinates": [
          103.86314661868386,
          1.3136666153239247
        ]
      }
    },
    {
      "type": "Feature",
      "properties": {
        "featureClass": "station",
        "stationId": "mrt-station:bishan",
        "stationName": "BISHAN",
        "exitIdentities": [
          "03844339B281C755",
          "1B5DEBDC60CE4A0E",
          "2C4E7954EAAC322A",
          "32BBD904B9B7DCBD",
          "CC79D6FD2A8F1DD0"
        ],
        "sourceDates": [
          "20251202172807"
        ],
        "lineReferences": [
          "CC15",
          "NS17"
        ],
        "sourceDatasetIds": [
          "d_b39d3a0871985372d7e1637193335da5",
          "d_449ee0cec1f9574f8f34712da6f7456f",
          "d_d312a5b127e1ae74299b8ae664cedd4e"
        ],
        "sourceObservedAt": "2026-07-23T03:53:41.031Z"
      },
      "geometry": {
        "type": "Point",
        "coordinates": [
          103.8486921069671,
          1.3508634014459961
        ]
      }
    },
    {
      "type": "Feature",
      "properties": {
        "featureClass": "station",
        "stationId": "mrt-station:boon-keng",
        "stationName": "BOON KENG",
        "exitIdentities": [
          "0194CF0B3B46824D",
          "437A42A639D5778D",
          "B8343022B9AB9000"
        ],
        "sourceDates": [
          "20251202172807"
        ],
        "lineReferences": [
          "NE9"
        ],
        "sourceDatasetIds": [
          "d_b39d3a0871985372d7e1637193335da5",
          "d_449ee0cec1f9574f8f34712da6f7456f",
          "d_d312a5b127e1ae74299b8ae664cedd4e"
        ],
        "sourceObservedAt": "2026-07-23T03:53:41.031Z"
      },
      "geometry": {
        "type": "Point",
        "coordinates": [
          103.8613709552917,
          1.3190856294870317
        ]
      }
    },
    {
      "type": "Feature",
      "properties": {
        "featureClass": "station",
        "stationId": "mrt-station:boon-lay",
        "stationName": "BOON  LAY",
        "exitIdentities": [
          "0E296E75C6372829",
          "A16B7FAC4E5AB117",
          "A277212C952A5DE9",
          "D64646CF4B4055D8",
          "E67002E356755554",
          "F72B433FA6426C66"
        ],
        "sourceDates": [
          "20251202172807"
        ],
        "lineReferences": [
          "EW27"
        ],
        "sourceDatasetIds": [
          "d_b39d3a0871985372d7e1637193335da5",
          "d_449ee0cec1f9574f8f34712da6f7456f",
          "d_d312a5b127e1ae74299b8ae664cedd4e"
        ],
        "sourceObservedAt": "2026-07-23T03:53:41.031Z"
      },
      "geometry": {
        "type": "Point",
        "coordinates": [
          103.70571801969106,
          1.3384759405295732
        ]
      }
    },
    {
      "type": "Feature",
      "properties": {
        "featureClass": "station",
        "stationId": "mrt-station:botanic-gardens",
        "stationName": "BOTANIC GARDENS MRT STATION",
        "exitIdentities": [
          "1D8ACE3D804EFC33",
          "A2B2C9A4721A3198"
        ],
        "sourceDates": [
          "20251202172807"
        ],
        "lineReferences": [
          "CC19",
          "DT9"
        ],
        "sourceDatasetIds": [
          "d_b39d3a0871985372d7e1637193335da5",
          "d_449ee0cec1f9574f8f34712da6f7456f",
          "d_d312a5b127e1ae74299b8ae664cedd4e"
        ],
        "sourceObservedAt": "2026-07-23T03:53:41.031Z"
      },
      "geometry": {
        "type": "Point",
        "coordinates": [
          103.81544552576293,
          1.3226096226428752
        ]
      }
    },
    {
      "type": "Feature",
      "properties": {
        "featureClass": "station",
        "stationId": "mrt-station:braddell",
        "stationName": "BRADDELL",
        "exitIdentities": [
          "6D90E5E9F8684602",
          "90DD180B16820DA9",
          "B8C182EB1FFEA0F7"
        ],
        "sourceDates": [
          "20251202172807"
        ],
        "lineReferences": [
          "NS18"
        ],
        "sourceDatasetIds": [
          "d_b39d3a0871985372d7e1637193335da5",
          "d_449ee0cec1f9574f8f34712da6f7456f",
          "d_d312a5b127e1ae74299b8ae664cedd4e"
        ],
        "sourceObservedAt": "2026-07-23T03:53:41.031Z"
      },
      "geometry": {
        "type": "Point",
        "coordinates": [
          103.84675895618112,
          1.340828491675716
        ]
      }
    },
    {
      "type": "Feature",
      "properties": {
        "featureClass": "station",
        "stationId": "mrt-station:bras-basah",
        "stationName": "BRAS BASAH",
        "exitIdentities": [
          "1C26490BD624B606",
          "57B5E4CF560CD25A",
          "6010EED2184D4748",
          "9448BEB862765BA4",
          "D53EA9E82E6BE2E5"
        ],
        "sourceDates": [
          "20251202172807"
        ],
        "lineReferences": [
          "CC2"
        ],
        "sourceDatasetIds": [
          "d_b39d3a0871985372d7e1637193335da5",
          "d_449ee0cec1f9574f8f34712da6f7456f",
          "d_d312a5b127e1ae74299b8ae664cedd4e"
        ],
        "sourceObservedAt": "2026-07-23T03:53:41.031Z"
      },
      "geometry": {
        "type": "Point",
        "coordinates": [
          103.8505264190178,
          1.2970013009425738
        ]
      }
    },
    {
      "type": "Feature",
      "properties": {
        "featureClass": "station",
        "stationId": "mrt-station:bright-hill",
        "stationName": "BRIGHT HILL",
        "exitIdentities": [
          "2A45076ED986B275",
          "BC4A442B12F99E85",
          "CFB9350F44E8991A",
          "F273E9D550B06062"
        ],
        "sourceDates": [
          "20251202172807"
        ],
        "lineReferences": [
          "TE7"
        ],
        "sourceDatasetIds": [
          "d_b39d3a0871985372d7e1637193335da5",
          "d_449ee0cec1f9574f8f34712da6f7456f",
          "d_d312a5b127e1ae74299b8ae664cedd4e"
        ],
        "sourceObservedAt": "2026-07-23T03:53:41.031Z"
      },
      "geometry": {
        "type": "Point",
        "coordinates": [
          103.8328688965173,
          1.3631669264740247
        ]
      }
    },
    {
      "type": "Feature",
      "properties": {
        "featureClass": "station",
        "stationId": "mrt-station:buangkok",
        "stationName": "BUANGKOK",
        "exitIdentities": [
          "64BE76AD177F77E2",
          "7C714ED0FE4AF579"
        ],
        "sourceDates": [
          "20251202172807"
        ],
        "lineReferences": [
          "NE15"
        ],
        "sourceDatasetIds": [
          "d_b39d3a0871985372d7e1637193335da5",
          "d_449ee0cec1f9574f8f34712da6f7456f",
          "d_d312a5b127e1ae74299b8ae664cedd4e"
        ],
        "sourceObservedAt": "2026-07-23T03:53:41.031Z"
      },
      "geometry": {
        "type": "Point",
        "coordinates": [
          103.8931734944837,
          1.383029756905052
        ]
      }
    },
    {
      "type": "Feature",
      "properties": {
        "featureClass": "station",
        "stationId": "mrt-station:bugis",
        "stationName": "BUGIS",
        "exitIdentities": [
          "0F6A77BE42683D50",
          "1AC0E726E51FF630",
          "24FD523CC84E0039",
          "4E3E76668266DD13",
          "5BA6737A900E594D",
          "74688F6F03F49D97",
          "9A6B839F19EEBCD4",
          "A06B8C4EF9D0D3CF"
        ],
        "sourceDates": [
          "20251202172807",
          "20260717145318"
        ],
        "lineReferences": [
          "DT14",
          "EW12"
        ],
        "sourceDatasetIds": [
          "d_b39d3a0871985372d7e1637193335da5",
          "d_449ee0cec1f9574f8f34712da6f7456f",
          "d_d312a5b127e1ae74299b8ae664cedd4e"
        ],
        "sourceObservedAt": "2026-07-23T03:53:41.031Z"
      },
      "geometry": {
        "type": "Point",
        "coordinates": [
          103.85656190342326,
          1.299914364834384
        ]
      }
    },
    {
      "type": "Feature",
      "properties": {
        "featureClass": "station",
        "stationId": "mrt-station:bukit-batok",
        "stationName": "BUKIT BATOK",
        "exitIdentities": [
          "400A184FD3289B7A",
          "474392E67F3BCE9B",
          "C429C4E74FC7D20E",
          "E14204E5225118FF"
        ],
        "sourceDates": [
          "20251202172807"
        ],
        "lineReferences": [
          "NS2"
        ],
        "sourceDatasetIds": [
          "d_b39d3a0871985372d7e1637193335da5",
          "d_449ee0cec1f9574f8f34712da6f7456f",
          "d_d312a5b127e1ae74299b8ae664cedd4e"
        ],
        "sourceObservedAt": "2026-07-23T03:53:41.031Z"
      },
      "geometry": {
        "type": "Point",
        "coordinates": [
          103.74969897623916,
          1.3492190249395528
        ]
      }
    },
    {
      "type": "Feature",
      "properties": {
        "featureClass": "station",
        "stationId": "mrt-station:bukit-gombak",
        "stationName": "BUKIT GOMBAK",
        "exitIdentities": [
          "09DD5C2C18DD73D5",
          "86F244E67822A799",
          "DE40965F683CCE3E",
          "ED8947B8EAD1722E"
        ],
        "sourceDates": [
          "20251202172807"
        ],
        "lineReferences": [
          "NS3"
        ],
        "sourceDatasetIds": [
          "d_b39d3a0871985372d7e1637193335da5",
          "d_449ee0cec1f9574f8f34712da6f7456f",
          "d_d312a5b127e1ae74299b8ae664cedd4e"
        ],
        "sourceObservedAt": "2026-07-23T03:53:41.031Z"
      },
      "geometry": {
        "type": "Point",
        "coordinates": [
          103.75196174761149,
          1.3590319850204207
        ]
      }
    },
    {
      "type": "Feature",
      "properties": {
        "featureClass": "station",
        "stationId": "mrt-station:bukit-panjang",
        "stationName": "BUKIT PANJANG",
        "exitIdentities": [
          "09D276CE9D28C5F6",
          "0D013B4A269EF17B",
          "46B17181D8944278",
          "68EDD0201493E175",
          "73796FEF5F3AC744",
          "BE5F7B68E04895BE",
          "C1FCA2C604034AB0",
          "E6C3D8E13B430D8D"
        ],
        "sourceDates": [
          "20251202172807"
        ],
        "lineReferences": [
          "BP6",
          "DT1"
        ],
        "sourceDatasetIds": [
          "d_b39d3a0871985372d7e1637193335da5",
          "d_449ee0cec1f9574f8f34712da6f7456f",
          "d_d312a5b127e1ae74299b8ae664cedd4e"
        ],
        "sourceObservedAt": "2026-07-23T03:53:41.031Z"
      },
      "geometry": {
        "type": "Point",
        "coordinates": [
          103.7621427618644,
          1.3786217351770065
        ]
      }
    },
    {
      "type": "Feature",
      "properties": {
        "featureClass": "station",
        "stationId": "mrt-station:buona-vista",
        "stationName": "BUONA VISTA",
        "exitIdentities": [
          "95621469AB2856E4",
          "D90F93DC24A3A902",
          "EE2D2107B28FC4C5",
          "F92A8D113B600232"
        ],
        "sourceDates": [
          "20251202172807"
        ],
        "lineReferences": [
          "CC22",
          "EW21"
        ],
        "sourceDatasetIds": [
          "d_b39d3a0871985372d7e1637193335da5",
          "d_449ee0cec1f9574f8f34712da6f7456f",
          "d_d312a5b127e1ae74299b8ae664cedd4e"
        ],
        "sourceObservedAt": "2026-07-23T03:53:41.031Z"
      },
      "geometry": {
        "type": "Point",
        "coordinates": [
          103.79065881256486,
          1.3069294345160043
        ]
      }
    },
    {
      "type": "Feature",
      "properties": {
        "featureClass": "station",
        "stationId": "mrt-station:caldecott",
        "stationName": "CALDECOTT",
        "exitIdentities": [
          "00BCCDD48A0A19AB",
          "857DEE03468202D9",
          "907574C903E3C5B1",
          "B27228AA1D3CABE9"
        ],
        "sourceDates": [
          "20251202172807"
        ],
        "lineReferences": [
          "CC17",
          "TE9"
        ],
        "sourceDatasetIds": [
          "d_b39d3a0871985372d7e1637193335da5",
          "d_449ee0cec1f9574f8f34712da6f7456f",
          "d_d312a5b127e1ae74299b8ae664cedd4e"
        ],
        "sourceObservedAt": "2026-07-23T03:53:41.031Z"
      },
      "geometry": {
        "type": "Point",
        "coordinates": [
          103.84003535137836,
          1.3374869862318381
        ]
      }
    },
    {
      "type": "Feature",
      "properties": {
        "featureClass": "station",
        "stationId": "mrt-station:canberra",
        "stationName": "CANBERRA",
        "exitIdentities": [
          "5CC317629EEEF874",
          "749D0975B17D266E",
          "9BEA4511424691E9",
          "B2A3B66D0D93D04A",
          "DD34E7FB97694745"
        ],
        "sourceDates": [
          "20251202172807"
        ],
        "lineReferences": [
          "NS12"
        ],
        "sourceDatasetIds": [
          "d_b39d3a0871985372d7e1637193335da5",
          "d_449ee0cec1f9574f8f34712da6f7456f",
          "d_d312a5b127e1ae74299b8ae664cedd4e"
        ],
        "sourceObservedAt": "2026-07-23T03:53:41.031Z"
      },
      "geometry": {
        "type": "Point",
        "coordinates": [
          103.82971217750564,
          1.443227401411478
        ]
      }
    },
    {
      "type": "Feature",
      "properties": {
        "featureClass": "station",
        "stationId": "mrt-station:cashew",
        "stationName": "CASHEW",
        "exitIdentities": [
          "CC93934ACEAF445A"
        ],
        "sourceDates": [
          "20251202172807"
        ],
        "lineReferences": [
          "DT2"
        ],
        "sourceDatasetIds": [
          "d_b39d3a0871985372d7e1637193335da5",
          "d_449ee0cec1f9574f8f34712da6f7456f",
          "d_d312a5b127e1ae74299b8ae664cedd4e"
        ],
        "sourceObservedAt": "2026-07-23T03:53:41.031Z"
      },
      "geometry": {
        "type": "Point",
        "coordinates": [
          103.76423448071098,
          1.3698333185962925
        ]
      }
    },
    {
      "type": "Feature",
      "properties": {
        "featureClass": "station",
        "stationId": "mrt-station:cc30",
        "stationName": "CC30",
        "exitIdentities": [
          "4DA0D639400DA767",
          "6AC7CCF07631A696",
          "A95B44B5E77103D2"
        ],
        "sourceDates": [
          "20260717145318"
        ],
        "lineReferences": [],
        "sourceDatasetIds": [
          "d_b39d3a0871985372d7e1637193335da5",
          "d_449ee0cec1f9574f8f34712da6f7456f",
          "d_d312a5b127e1ae74299b8ae664cedd4e"
        ],
        "sourceObservedAt": "2026-07-23T03:53:41.031Z"
      },
      "geometry": {
        "type": "Point",
        "coordinates": [
          103.8301099963818,
          1.2703867447810522
        ]
      }
    },
    {
      "type": "Feature",
      "properties": {
        "featureClass": "station",
        "stationId": "mrt-station:cc31",
        "stationName": "CC31",
        "exitIdentities": [
          "29DEC3AF51750915",
          "2F8956F99BF1322B",
          "3C225DAA35A12F32",
          "923423CA323CE8C5"
        ],
        "sourceDates": [
          "20260717145318"
        ],
        "lineReferences": [],
        "sourceDatasetIds": [
          "d_b39d3a0871985372d7e1637193335da5",
          "d_449ee0cec1f9574f8f34712da6f7456f",
          "d_d312a5b127e1ae74299b8ae664cedd4e"
        ],
        "sourceObservedAt": "2026-07-23T03:53:41.031Z"
      },
      "geometry": {
        "type": "Point",
        "coordinates": [
          103.83697665712178,
          1.2730476240368087
        ]
      }
    },
    {
      "type": "Feature",
      "properties": {
        "featureClass": "station",
        "stationId": "mrt-station:cc32",
        "stationName": "CC32",
        "exitIdentities": [
          "E3D56E16104A59E7",
          "FA3D633C1200E44F"
        ],
        "sourceDates": [
          "20260717145318"
        ],
        "lineReferences": [],
        "sourceDatasetIds": [
          "d_b39d3a0871985372d7e1637193335da5",
          "d_449ee0cec1f9574f8f34712da6f7456f",
          "d_d312a5b127e1ae74299b8ae664cedd4e"
        ],
        "sourceObservedAt": "2026-07-23T03:53:41.031Z"
      },
      "geometry": {
        "type": "Point",
        "coordinates": [
          103.84621824148607,
          1.273234633369716
        ]
      }
    },
    {
      "type": "Feature",
      "properties": {
        "featureClass": "station",
        "stationId": "mrt-station:cc9",
        "stationName": "CC9",
        "exitIdentities": [
          "C1F2BBD57BDE56E9",
          "D98C24C34886C2A7"
        ],
        "sourceDates": [
          "20251202172807"
        ],
        "lineReferences": [],
        "sourceDatasetIds": [
          "d_b39d3a0871985372d7e1637193335da5",
          "d_449ee0cec1f9574f8f34712da6f7456f",
          "d_d312a5b127e1ae74299b8ae664cedd4e"
        ],
        "sourceObservedAt": "2026-07-23T03:53:41.031Z"
      },
      "geometry": {
        "type": "Point",
        "coordinates": [
          103.89292190000816,
          1.3175124998400487
        ]
      }
    },
    {
      "type": "Feature",
      "properties": {
        "featureClass": "station",
        "stationId": "mrt-station:changi-airport",
        "stationName": "CHANGI AIRPORT",
        "exitIdentities": [
          "18E22F13F5B553EB",
          "2D491EF64CB58C02"
        ],
        "sourceDates": [
          "20251202172807"
        ],
        "lineReferences": [
          "CG2"
        ],
        "sourceDatasetIds": [
          "d_b39d3a0871985372d7e1637193335da5",
          "d_449ee0cec1f9574f8f34712da6f7456f",
          "d_d312a5b127e1ae74299b8ae664cedd4e"
        ],
        "sourceObservedAt": "2026-07-23T03:53:41.031Z"
      },
      "geometry": {
        "type": "Point",
        "coordinates": [
          103.98829061110587,
          1.356780838532488
        ]
      }
    },
    {
      "type": "Feature",
      "properties": {
        "featureClass": "station",
        "stationId": "mrt-station:cheng-lim",
        "stationName": "CHENG LIM LRT STATION",
        "exitIdentities": [
          "1BE9F4E72D049751",
          "FC07F81DEF01BAAF"
        ],
        "sourceDates": [
          "20251202172807"
        ],
        "lineReferences": [
          "SW1"
        ],
        "sourceDatasetIds": [
          "d_b39d3a0871985372d7e1637193335da5",
          "d_449ee0cec1f9574f8f34712da6f7456f",
          "d_d312a5b127e1ae74299b8ae664cedd4e"
        ],
        "sourceObservedAt": "2026-07-23T03:53:41.031Z"
      },
      "geometry": {
        "type": "Point",
        "coordinates": [
          103.8938026029252,
          1.396280094679355
        ]
      }
    },
    {
      "type": "Feature",
      "properties": {
        "featureClass": "station",
        "stationId": "mrt-station:chinatown",
        "stationName": "CHINATOWN",
        "exitIdentities": [
          "3A1CC9F9DAB5860F",
          "6EAFAD60E5DC5EB3",
          "872CCBBC52D205A8",
          "A5191DE73F930CFE",
          "F311BD73BF790D1C",
          "FCD3F9C4B46D59AD"
        ],
        "sourceDates": [
          "20251202172807"
        ],
        "lineReferences": [
          "DT19",
          "NE4"
        ],
        "sourceDatasetIds": [
          "d_b39d3a0871985372d7e1637193335da5",
          "d_449ee0cec1f9574f8f34712da6f7456f",
          "d_d312a5b127e1ae74299b8ae664cedd4e"
        ],
        "sourceObservedAt": "2026-07-23T03:53:41.031Z"
      },
      "geometry": {
        "type": "Point",
        "coordinates": [
          103.84407269085706,
          1.2846415113506147
        ]
      }
    },
    {
      "type": "Feature",
      "properties": {
        "featureClass": "station",
        "stationId": "mrt-station:chinese-garden",
        "stationName": "CHINESE GARDEN MRT STATION",
        "exitIdentities": [
          "34270BC7D85E5169",
          "D5745B5A724E8909",
          "F57ABC73B061CF8C"
        ],
        "sourceDates": [
          "20251202172807"
        ],
        "lineReferences": [
          "EW25"
        ],
        "sourceDatasetIds": [
          "d_b39d3a0871985372d7e1637193335da5",
          "d_449ee0cec1f9574f8f34712da6f7456f",
          "d_d312a5b127e1ae74299b8ae664cedd4e"
        ],
        "sourceObservedAt": "2026-07-23T03:53:41.031Z"
      },
      "geometry": {
        "type": "Point",
        "coordinates": [
          103.73278503871252,
          1.341995553045827
        ]
      }
    },
    {
      "type": "Feature",
      "properties": {
        "featureClass": "station",
        "stationId": "mrt-station:choa-chu-kang",
        "stationName": "CHOA CHU KANG LRT STATION",
        "exitIdentities": [
          "10C24E69D8E231DD",
          "2E2B70E0E2D25273",
          "4DDA5EEBC0D64FFE",
          "51E0066A5AD1C4F1",
          "AADCDA84B1CB7302",
          "B31E5041452C3958",
          "B98A2C3B9DA5DE50",
          "BFC5700660BC9DF6",
          "C3478FBF9D9DA5A3"
        ],
        "sourceDates": [
          "20251202172807"
        ],
        "lineReferences": [
          "BP1",
          "NS4"
        ],
        "sourceDatasetIds": [
          "d_b39d3a0871985372d7e1637193335da5",
          "d_449ee0cec1f9574f8f34712da6f7456f",
          "d_d312a5b127e1ae74299b8ae664cedd4e"
        ],
        "sourceObservedAt": "2026-07-23T03:53:41.031Z"
      },
      "geometry": {
        "type": "Point",
        "coordinates": [
          103.74445818471796,
          1.3853280577571785
        ]
      }
    },
    {
      "type": "Feature",
      "properties": {
        "featureClass": "station",
        "stationId": "mrt-station:city-hall",
        "stationName": "CITY HALL",
        "exitIdentities": [
          "0D2982825A7A63D7",
          "16ABA07E07EB8482",
          "6F31D6D44E1CD68C",
          "762708380AC6662A"
        ],
        "sourceDates": [
          "20251202172807"
        ],
        "lineReferences": [
          "EW13",
          "NS25"
        ],
        "sourceDatasetIds": [
          "d_b39d3a0871985372d7e1637193335da5",
          "d_449ee0cec1f9574f8f34712da6f7456f",
          "d_d312a5b127e1ae74299b8ae664cedd4e"
        ],
        "sourceObservedAt": "2026-07-23T03:53:41.031Z"
      },
      "geometry": {
        "type": "Point",
        "coordinates": [
          103.85244081320342,
          1.2932059256953405
        ]
      }
    },
    {
      "type": "Feature",
      "properties": {
        "featureClass": "station",
        "stationId": "mrt-station:clarke-quay",
        "stationName": "CLARKE QUAY",
        "exitIdentities": [
          "18FD71C7FA6C0E2A",
          "30B1E5E1C8017C54",
          "4217F1A02B8B47A7",
          "804AAB0D2993008D",
          "BC3B9F37FEEA2F7D",
          "E4C1DE41B6ED8311"
        ],
        "sourceDates": [
          "20251202172807"
        ],
        "lineReferences": [
          "NE5"
        ],
        "sourceDatasetIds": [
          "d_b39d3a0871985372d7e1637193335da5",
          "d_449ee0cec1f9574f8f34712da6f7456f",
          "d_d312a5b127e1ae74299b8ae664cedd4e"
        ],
        "sourceObservedAt": "2026-07-23T03:53:41.031Z"
      },
      "geometry": {
        "type": "Point",
        "coordinates": [
          103.8465650175935,
          1.2886155666760253
        ]
      }
    },
    {
      "type": "Feature",
      "properties": {
        "featureClass": "station",
        "stationId": "mrt-station:clementi",
        "stationName": "CLEMENTI",
        "exitIdentities": [
          "1BCD78C2E2F0AEBA",
          "A9519BF912A2133C",
          "B42D779AB82F42CF",
          "B7D91BDACAA183E1"
        ],
        "sourceDates": [
          "20251202172807"
        ],
        "lineReferences": [
          "EW23"
        ],
        "sourceDatasetIds": [
          "d_b39d3a0871985372d7e1637193335da5",
          "d_449ee0cec1f9574f8f34712da6f7456f",
          "d_d312a5b127e1ae74299b8ae664cedd4e"
        ],
        "sourceObservedAt": "2026-07-23T03:53:41.031Z"
      },
      "geometry": {
        "type": "Point",
        "coordinates": [
          103.76537190030689,
          1.3147708499395085
        ]
      }
    },
    {
      "type": "Feature",
      "properties": {
        "featureClass": "station",
        "stationId": "mrt-station:commonwealth",
        "stationName": "COMMONWEALTH",
        "exitIdentities": [
          "07C70283FD8BEFD4",
          "2DDDE6ED2CFECBB8",
          "4759AD8699CAAFEB",
          "5C10631FF88A2A31"
        ],
        "sourceDates": [
          "20251202172807"
        ],
        "lineReferences": [
          "EW20"
        ],
        "sourceDatasetIds": [
          "d_b39d3a0871985372d7e1637193335da5",
          "d_449ee0cec1f9574f8f34712da6f7456f",
          "d_d312a5b127e1ae74299b8ae664cedd4e"
        ],
        "sourceObservedAt": "2026-07-23T03:53:41.031Z"
      },
      "geometry": {
        "type": "Point",
        "coordinates": [
          103.79837875141848,
          1.3023726758900007
        ]
      }
    },
    {
      "type": "Feature",
      "properties": {
        "featureClass": "station",
        "stationId": "mrt-station:compassvale",
        "stationName": "COMPASSVALE LRT STATION",
        "exitIdentities": [
          "5E01800475DDF5ED",
          "7A6540195C75D6C2"
        ],
        "sourceDates": [
          "20251202172807"
        ],
        "lineReferences": [
          "SE1"
        ],
        "sourceDatasetIds": [
          "d_b39d3a0871985372d7e1637193335da5",
          "d_449ee0cec1f9574f8f34712da6f7456f",
          "d_d312a5b127e1ae74299b8ae664cedd4e"
        ],
        "sourceObservedAt": "2026-07-23T03:53:41.031Z"
      },
      "geometry": {
        "type": "Point",
        "coordinates": [
          103.90066153357648,
          1.3944308469049642
        ]
      }
    },
    {
      "type": "Feature",
      "properties": {
        "featureClass": "station",
        "stationId": "mrt-station:coral-edge",
        "stationName": "CORAL EDGE LRT STATION",
        "exitIdentities": [
          "D4CB376FFBED3D8A",
          "E7718F39AA487D8B"
        ],
        "sourceDates": [
          "20251202172807"
        ],
        "lineReferences": [
          "PE3"
        ],
        "sourceDatasetIds": [
          "d_b39d3a0871985372d7e1637193335da5",
          "d_449ee0cec1f9574f8f34712da6f7456f",
          "d_d312a5b127e1ae74299b8ae664cedd4e"
        ],
        "sourceObservedAt": "2026-07-23T03:53:41.031Z"
      },
      "geometry": {
        "type": "Point",
        "coordinates": [
          103.91268048916862,
          1.3938277296662271
        ]
      }
    },
    {
      "type": "Feature",
      "properties": {
        "featureClass": "station",
        "stationId": "mrt-station:cove",
        "stationName": "COVE LRT STATION",
        "exitIdentities": [
          "8007BDF5105E0800",
          "C06D10E6EBF83EA6"
        ],
        "sourceDates": [
          "20251202172807"
        ],
        "lineReferences": [
          "PE1"
        ],
        "sourceDatasetIds": [
          "d_b39d3a0871985372d7e1637193335da5",
          "d_449ee0cec1f9574f8f34712da6f7456f",
          "d_d312a5b127e1ae74299b8ae664cedd4e"
        ],
        "sourceObservedAt": "2026-07-23T03:53:41.031Z"
      },
      "geometry": {
        "type": "Point",
        "coordinates": [
          103.906052374688,
          1.3992135250589088
        ]
      }
    },
    {
      "type": "Feature",
      "properties": {
        "featureClass": "station",
        "stationId": "mrt-station:dakota",
        "stationName": "DAKOTA",
        "exitIdentities": [
          "A66FCFFDD49C15D3",
          "AB5D405E46C647FB"
        ],
        "sourceDates": [
          "20251202172807"
        ],
        "lineReferences": [
          "CC8"
        ],
        "sourceDatasetIds": [
          "d_b39d3a0871985372d7e1637193335da5",
          "d_449ee0cec1f9574f8f34712da6f7456f",
          "d_d312a5b127e1ae74299b8ae664cedd4e"
        ],
        "sourceObservedAt": "2026-07-23T03:53:41.031Z"
      },
      "geometry": {
        "type": "Point",
        "coordinates": [
          103.88864327651277,
          1.308455468964854
        ]
      }
    },
    {
      "type": "Feature",
      "properties": {
        "featureClass": "station",
        "stationId": "mrt-station:damai",
        "stationName": "DAMAI LRT STATION",
        "exitIdentities": [
          "C9AD817C66E8F720",
          "D50CD0EB8DF1A6AD"
        ],
        "sourceDates": [
          "20251202172807"
        ],
        "lineReferences": [
          "PE7"
        ],
        "sourceDatasetIds": [
          "d_b39d3a0871985372d7e1637193335da5",
          "d_449ee0cec1f9574f8f34712da6f7456f",
          "d_d312a5b127e1ae74299b8ae664cedd4e"
        ],
        "sourceObservedAt": "2026-07-23T03:53:41.031Z"
      },
      "geometry": {
        "type": "Point",
        "coordinates": [
          103.90870304151012,
          1.4051653208712422
        ]
      }
    },
    {
      "type": "Feature",
      "properties": {
        "featureClass": "station",
        "stationId": "mrt-station:dhoby-ghaut",
        "stationName": "DHOBY GHAUT",
        "exitIdentities": [
          "348F2D3D9B9B7760",
          "3DC596781F39163C",
          "94631C7F11FCE747",
          "BBEA402CB9EF9C2E",
          "D718E6930765A66B",
          "F3513EFAD04F7A68"
        ],
        "sourceDates": [
          "20251202172807"
        ],
        "lineReferences": [
          "CC1",
          "NE6",
          "NS24"
        ],
        "sourceDatasetIds": [
          "d_b39d3a0871985372d7e1637193335da5",
          "d_449ee0cec1f9574f8f34712da6f7456f",
          "d_d312a5b127e1ae74299b8ae664cedd4e"
        ],
        "sourceObservedAt": "2026-07-23T03:53:41.031Z"
      },
      "geometry": {
        "type": "Point",
        "coordinates": [
          103.84550168866953,
          1.2994107088527835
        ]
      }
    },
    {
      "type": "Feature",
      "properties": {
        "featureClass": "station",
        "stationId": "mrt-station:dover",
        "stationName": "DOVER",
        "exitIdentities": [
          "3350D5255C75B2ED",
          "F180ED4FDDA94062"
        ],
        "sourceDates": [
          "20251202172807"
        ],
        "lineReferences": [
          "EW22"
        ],
        "sourceDatasetIds": [
          "d_b39d3a0871985372d7e1637193335da5",
          "d_449ee0cec1f9574f8f34712da6f7456f",
          "d_d312a5b127e1ae74299b8ae664cedd4e"
        ],
        "sourceObservedAt": "2026-07-23T03:53:41.031Z"
      },
      "geometry": {
        "type": "Point",
        "coordinates": [
          103.77838474329596,
          1.3115543125642066
        ]
      }
    },
    {
      "type": "Feature",
      "properties": {
        "featureClass": "station",
        "stationId": "mrt-station:downtown",
        "stationName": "DOWNTOWN",
        "exitIdentities": [
          "2397863DFE9A27AE",
          "419B0A25DCF2D8F3",
          "8938BEADE9C163A4",
          "AD2F8B7AE573BE63",
          "D77ADD7D0B7369D2",
          "EF75BE606A770937"
        ],
        "sourceDates": [
          "20251202172807"
        ],
        "lineReferences": [
          "DT17"
        ],
        "sourceDatasetIds": [
          "d_b39d3a0871985372d7e1637193335da5",
          "d_449ee0cec1f9574f8f34712da6f7456f",
          "d_d312a5b127e1ae74299b8ae664cedd4e"
        ],
        "sourceObservedAt": "2026-07-23T03:53:41.031Z"
      },
      "geometry": {
        "type": "Point",
        "coordinates": [
          103.85277105540213,
          1.279553222177013
        ]
      }
    },
    {
      "type": "Feature",
      "properties": {
        "featureClass": "station",
        "stationId": "mrt-station:dt18",
        "stationName": "DT18",
        "exitIdentities": [
          "1DD9022663718F32",
          "876C55E36105A859"
        ],
        "sourceDates": [
          "20251202172807"
        ],
        "lineReferences": [],
        "sourceDatasetIds": [
          "d_b39d3a0871985372d7e1637193335da5",
          "d_449ee0cec1f9574f8f34712da6f7456f",
          "d_d312a5b127e1ae74299b8ae664cedd4e"
        ],
        "sourceObservedAt": "2026-07-23T03:53:41.031Z"
      },
      "geometry": {
        "type": "Point",
        "coordinates": [
          103.847799999845,
          1.2826500003916856
        ]
      }
    },
    {
      "type": "Feature",
      "properties": {
        "featureClass": "station",
        "stationId": "mrt-station:dt4",
        "stationName": "DT4",
        "exitIdentities": [
          "BFFFA021E82FCF75",
          "DEBE61198CBF6328"
        ],
        "sourceDates": [
          "20251202172807"
        ],
        "lineReferences": [],
        "sourceDatasetIds": [
          "d_b39d3a0871985372d7e1637193335da5",
          "d_449ee0cec1f9574f8f34712da6f7456f",
          "d_d312a5b127e1ae74299b8ae664cedd4e"
        ],
        "sourceObservedAt": "2026-07-23T03:53:41.031Z"
      },
      "geometry": {
        "type": "Point",
        "coordinates": [
          103.76867360009803,
          1.3549460000598166
        ]
      }
    },
    {
      "type": "Feature",
      "properties": {
        "featureClass": "station",
        "stationId": "mrt-station:esplanade",
        "stationName": "ESPLANADE",
        "exitIdentities": [
          "2ACFF8F7FE329CCA",
          "37A435E4166C73B7",
          "5A8D40F4CDB7B0AD",
          "63956E6E46ECE3E0",
          "651EA817751D16D3",
          "C6AC4E01D3816D01",
          "E51530AE6521B581"
        ],
        "sourceDates": [
          "20251202172807"
        ],
        "lineReferences": [
          "CC3"
        ],
        "sourceDatasetIds": [
          "d_b39d3a0871985372d7e1637193335da5",
          "d_449ee0cec1f9574f8f34712da6f7456f",
          "d_d312a5b127e1ae74299b8ae664cedd4e"
        ],
        "sourceObservedAt": "2026-07-23T03:53:41.031Z"
      },
      "geometry": {
        "type": "Point",
        "coordinates": [
          103.85568040869373,
          1.293194362529821
        ]
      }
    },
    {
      "type": "Feature",
      "properties": {
        "featureClass": "station",
        "stationId": "mrt-station:eunos",
        "stationName": "EUNOS",
        "exitIdentities": [
          "8EBFC6F8732D28BD",
          "C83CDC2726150409",
          "CB562FEDBA333355"
        ],
        "sourceDates": [
          "20251202172807"
        ],
        "lineReferences": [
          "EW7"
        ],
        "sourceDatasetIds": [
          "d_b39d3a0871985372d7e1637193335da5",
          "d_449ee0cec1f9574f8f34712da6f7456f",
          "d_d312a5b127e1ae74299b8ae664cedd4e"
        ],
        "sourceObservedAt": "2026-07-23T03:53:41.031Z"
      },
      "geometry": {
        "type": "Point",
        "coordinates": [
          103.90289713414593,
          1.3195365796568062
        ]
      }
    },
    {
      "type": "Feature",
      "properties": {
        "featureClass": "station",
        "stationId": "mrt-station:expo",
        "stationName": "EXPO",
        "exitIdentities": [
          "0C14825AD577B2E3",
          "697283586E726E3F",
          "6E43F01A7FD410B2",
          "7559EFD8098C1D02",
          "8F171DDEC2A3C476",
          "906C9579A92CF7A4",
          "E79BB6D2D2002821",
          "FD3508562E82B730"
        ],
        "sourceDates": [
          "20251202172807"
        ],
        "lineReferences": [
          "CG1",
          "DT35"
        ],
        "sourceDatasetIds": [
          "d_b39d3a0871985372d7e1637193335da5",
          "d_449ee0cec1f9574f8f34712da6f7456f",
          "d_d312a5b127e1ae74299b8ae664cedd4e"
        ],
        "sourceObservedAt": "2026-07-23T03:53:41.031Z"
      },
      "geometry": {
        "type": "Point",
        "coordinates": [
          103.96239435938976,
          1.3351797416167697
        ]
      }
    },
    {
      "type": "Feature",
      "properties": {
        "featureClass": "station",
        "stationId": "mrt-station:fajar",
        "stationName": "FAJAR LRT STATION",
        "exitIdentities": [
          "A324402CF624723A"
        ],
        "sourceDates": [
          "20251202172807"
        ],
        "lineReferences": [
          "BP10"
        ],
        "sourceDatasetIds": [
          "d_b39d3a0871985372d7e1637193335da5",
          "d_449ee0cec1f9574f8f34712da6f7456f",
          "d_d312a5b127e1ae74299b8ae664cedd4e"
        ],
        "sourceObservedAt": "2026-07-23T03:53:41.031Z"
      },
      "geometry": {
        "type": "Point",
        "coordinates": [
          103.77067551844488,
          1.3844650711796456
        ]
      }
    },
    {
      "type": "Feature",
      "properties": {
        "featureClass": "station",
        "stationId": "mrt-station:farmway",
        "stationName": "FARMWAY LRT STATION",
        "exitIdentities": [
          "B5FE598CC9473CDE",
          "C66585DE1453A1EF"
        ],
        "sourceDates": [
          "20251202172807"
        ],
        "lineReferences": [
          "SW2"
        ],
        "sourceDatasetIds": [
          "d_b39d3a0871985372d7e1637193335da5",
          "d_449ee0cec1f9574f8f34712da6f7456f",
          "d_d312a5b127e1ae74299b8ae664cedd4e"
        ],
        "sourceObservedAt": "2026-07-23T03:53:41.031Z"
      },
      "geometry": {
        "type": "Point",
        "coordinates": [
          103.8892612323647,
          1.3971669110404612
        ]
      }
    },
    {
      "type": "Feature",
      "properties": {
        "featureClass": "station",
        "stationId": "mrt-station:farrer-park",
        "stationName": "FARRER PARK",
        "exitIdentities": [
          "173209DA7F23FABE",
          "29BDA63F18A13487",
          "360853AB3FB5F8E8",
          "4A1DAEFD59468463",
          "54174A49E0822F8A",
          "6551D0EB84199FBF",
          "6F1834F3D5171B51",
          "E130D0857A648E60",
          "F1BDA4510E572B33"
        ],
        "sourceDates": [
          "20251202172807"
        ],
        "lineReferences": [
          "NE8"
        ],
        "sourceDatasetIds": [
          "d_b39d3a0871985372d7e1637193335da5",
          "d_449ee0cec1f9574f8f34712da6f7456f",
          "d_d312a5b127e1ae74299b8ae664cedd4e"
        ],
        "sourceObservedAt": "2026-07-23T03:53:41.031Z"
      },
      "geometry": {
        "type": "Point",
        "coordinates": [
          103.85433720319526,
          1.3121610183985268
        ]
      }
    },
    {
      "type": "Feature",
      "properties": {
        "featureClass": "station",
        "stationId": "mrt-station:farrer-road",
        "stationName": "FARRER  ROAD",
        "exitIdentities": [
          "256E821C70941FD4",
          "C5B7A8210D496AE2"
        ],
        "sourceDates": [
          "20251202172807"
        ],
        "lineReferences": [
          "CC20"
        ],
        "sourceDatasetIds": [
          "d_b39d3a0871985372d7e1637193335da5",
          "d_449ee0cec1f9574f8f34712da6f7456f",
          "d_d312a5b127e1ae74299b8ae664cedd4e"
        ],
        "sourceObservedAt": "2026-07-23T03:53:41.031Z"
      },
      "geometry": {
        "type": "Point",
        "coordinates": [
          103.80767723263273,
          1.317522871033869
        ]
      }
    },
    {
      "type": "Feature",
      "properties": {
        "featureClass": "station",
        "stationId": "mrt-station:fernvale",
        "stationName": "FERNVALE LRT STATION",
        "exitIdentities": [
          "92D152D45E445F84"
        ],
        "sourceDates": [
          "20251202172807"
        ],
        "lineReferences": [
          "SW5"
        ],
        "sourceDatasetIds": [
          "d_b39d3a0871985372d7e1637193335da5",
          "d_449ee0cec1f9574f8f34712da6f7456f",
          "d_d312a5b127e1ae74299b8ae664cedd4e"
        ],
        "sourceObservedAt": "2026-07-23T03:53:41.031Z"
      },
      "geometry": {
        "type": "Point",
        "coordinates": [
          103.87626165389224,
          1.3921582676260966
        ]
      }
    },
    {
      "type": "Feature",
      "properties": {
        "featureClass": "station",
        "stationId": "mrt-station:fort-canning",
        "stationName": "FORT CANNING MRT STATION",
        "exitIdentities": [
          "AF446178B7F1A586",
          "FC551044CAEAB201"
        ],
        "sourceDates": [
          "20251202172807"
        ],
        "lineReferences": [
          "DT20"
        ],
        "sourceDatasetIds": [
          "d_b39d3a0871985372d7e1637193335da5",
          "d_449ee0cec1f9574f8f34712da6f7456f",
          "d_d312a5b127e1ae74299b8ae664cedd4e"
        ],
        "sourceObservedAt": "2026-07-23T03:53:41.031Z"
      },
      "geometry": {
        "type": "Point",
        "coordinates": [
          103.84429753288106,
          1.2926181857619832
        ]
      }
    },
    {
      "type": "Feature",
      "properties": {
        "featureClass": "station",
        "stationId": "mrt-station:gardens-by-the-bay",
        "stationName": "GARDENS BY THE BAY",
        "exitIdentities": [
          "139A309B16435395",
          "272B01765238D930",
          "64955697073C7D02"
        ],
        "sourceDates": [
          "20251202172807"
        ],
        "lineReferences": [
          "TE22"
        ],
        "sourceDatasetIds": [
          "d_b39d3a0871985372d7e1637193335da5",
          "d_449ee0cec1f9574f8f34712da6f7456f",
          "d_d312a5b127e1ae74299b8ae664cedd4e"
        ],
        "sourceObservedAt": "2026-07-23T03:53:41.031Z"
      },
      "geometry": {
        "type": "Point",
        "coordinates": [
          103.86790320784318,
          1.2791668064192445
        ]
      }
    },
    {
      "type": "Feature",
      "properties": {
        "featureClass": "station",
        "stationId": "mrt-station:geylang-bahru",
        "stationName": "GEYLANG BAHRU",
        "exitIdentities": [
          "31AEB6AC99986A23",
          "7D14D8F944626336"
        ],
        "sourceDates": [
          "20251202172807"
        ],
        "lineReferences": [
          "DT24"
        ],
        "sourceDatasetIds": [
          "d_b39d3a0871985372d7e1637193335da5",
          "d_449ee0cec1f9574f8f34712da6f7456f",
          "d_d312a5b127e1ae74299b8ae664cedd4e"
        ],
        "sourceObservedAt": "2026-07-23T03:53:41.031Z"
      },
      "geometry": {
        "type": "Point",
        "coordinates": [
          103.87167493949823,
          1.3213354072677879
        ]
      }
    },
    {
      "type": "Feature",
      "properties": {
        "featureClass": "station",
        "stationId": "mrt-station:great-world",
        "stationName": "GREAT WORLD",
        "exitIdentities": [
          "4F2D7457D45F29D1",
          "5FD7E726E04576E5",
          "65268329B5AD5F93",
          "72FD2496EC6B1D54",
          "C2D22AD994AA8975",
          "FCF6BA18E63CA65C"
        ],
        "sourceDates": [
          "20251202172807"
        ],
        "lineReferences": [
          "TE15"
        ],
        "sourceDatasetIds": [
          "d_b39d3a0871985372d7e1637193335da5",
          "d_449ee0cec1f9574f8f34712da6f7456f",
          "d_d312a5b127e1ae74299b8ae664cedd4e"
        ],
        "sourceObservedAt": "2026-07-23T03:53:41.031Z"
      },
      "geometry": {
        "type": "Point",
        "coordinates": [
          103.83309156886823,
          1.294296204091656
        ]
      }
    },
    {
      "type": "Feature",
      "properties": {
        "featureClass": "station",
        "stationId": "mrt-station:gul-circle",
        "stationName": "GUL CIRCLE",
        "exitIdentities": [
          "E5B02C31AEAEB829",
          "F7C62DDD2A73BCC1"
        ],
        "sourceDates": [
          "20251202172807"
        ],
        "lineReferences": [
          "EW30"
        ],
        "sourceDatasetIds": [
          "d_b39d3a0871985372d7e1637193335da5",
          "d_449ee0cec1f9574f8f34712da6f7456f",
          "d_d312a5b127e1ae74299b8ae664cedd4e"
        ],
        "sourceObservedAt": "2026-07-23T03:53:41.031Z"
      },
      "geometry": {
        "type": "Point",
        "coordinates": [
          103.65993954468826,
          1.3189347248509815
        ]
      }
    },
    {
      "type": "Feature",
      "properties": {
        "featureClass": "station",
        "stationId": "mrt-station:harbourfront",
        "stationName": "HARBOURFRONT",
        "exitIdentities": [
          "54F69FDA2233B8B4",
          "690B8B15B6CB2137",
          "8A673F2CF4ABB497",
          "B43EC60E1D8817B8",
          "F2A67B74844A3E35",
          "FF2613B98FF1665F"
        ],
        "sourceDates": [
          "20251202172807"
        ],
        "lineReferences": [
          "CC29",
          "NE1"
        ],
        "sourceDatasetIds": [
          "d_b39d3a0871985372d7e1637193335da5",
          "d_449ee0cec1f9574f8f34712da6f7456f",
          "d_d312a5b127e1ae74299b8ae664cedd4e"
        ],
        "sourceObservedAt": "2026-07-23T03:53:41.031Z"
      },
      "geometry": {
        "type": "Point",
        "coordinates": [
          103.82149962821518,
          1.2654106664124478
        ]
      }
    },
    {
      "type": "Feature",
      "properties": {
        "featureClass": "station",
        "stationId": "mrt-station:havelock",
        "stationName": "HAVELOCK",
        "exitIdentities": [
          "2B4107CDD54FF45A",
          "3509B8FC37977C9F",
          "41415B22F604DBB1",
          "43806860EF6F95B6",
          "F01A3E97C6F40606"
        ],
        "sourceDates": [
          "20251202172807"
        ],
        "lineReferences": [
          "TE16"
        ],
        "sourceDatasetIds": [
          "d_b39d3a0871985372d7e1637193335da5",
          "d_449ee0cec1f9574f8f34712da6f7456f",
          "d_d312a5b127e1ae74299b8ae664cedd4e"
        ],
        "sourceObservedAt": "2026-07-23T03:53:41.031Z"
      },
      "geometry": {
        "type": "Point",
        "coordinates": [
          103.83373395793535,
          1.2884384467211425
        ]
      }
    },
    {
      "type": "Feature",
      "properties": {
        "featureClass": "station",
        "stationId": "mrt-station:haw-par-villa",
        "stationName": "HAW PAR VILLA",
        "exitIdentities": [
          "F33EEDAA74A75803"
        ],
        "sourceDates": [
          "20251202172807"
        ],
        "lineReferences": [
          "CC25"
        ],
        "sourceDatasetIds": [
          "d_b39d3a0871985372d7e1637193335da5",
          "d_449ee0cec1f9574f8f34712da6f7456f",
          "d_d312a5b127e1ae74299b8ae664cedd4e"
        ],
        "sourceObservedAt": "2026-07-23T03:53:41.031Z"
      },
      "geometry": {
        "type": "Point",
        "coordinates": [
          103.7820063970724,
          1.2830552735417646
        ]
      }
    },
    {
      "type": "Feature",
      "properties": {
        "featureClass": "station",
        "stationId": "mrt-station:hillview",
        "stationName": "HILLVIEW",
        "exitIdentities": [
          "4A8EA2D66E8ECDA8",
          "A858C4A736160A26"
        ],
        "sourceDates": [
          "20251202172807"
        ],
        "lineReferences": [
          "DT3"
        ],
        "sourceDatasetIds": [
          "d_b39d3a0871985372d7e1637193335da5",
          "d_449ee0cec1f9574f8f34712da6f7456f",
          "d_d312a5b127e1ae74299b8ae664cedd4e"
        ],
        "sourceObservedAt": "2026-07-23T03:53:41.031Z"
      },
      "geometry": {
        "type": "Point",
        "coordinates": [
          103.76739837501947,
          1.3622792889314002
        ]
      }
    },
    {
      "type": "Feature",
      "properties": {
        "featureClass": "station",
        "stationId": "mrt-station:holland-village",
        "stationName": "HOLLAND VILLAGE",
        "exitIdentities": [
          "5AE0992EF2AB9ACA",
          "6C37FA62DE7E9E31",
          "76D46E22BDCAEAAA"
        ],
        "sourceDates": [
          "20251202172807"
        ],
        "lineReferences": [
          "CC21"
        ],
        "sourceDatasetIds": [
          "d_b39d3a0871985372d7e1637193335da5",
          "d_449ee0cec1f9574f8f34712da6f7456f",
          "d_d312a5b127e1ae74299b8ae664cedd4e"
        ],
        "sourceObservedAt": "2026-07-23T03:53:41.031Z"
      },
      "geometry": {
        "type": "Point",
        "coordinates": [
          103.79588732699557,
          1.3110003169231763
        ]
      }
    },
    {
      "type": "Feature",
      "properties": {
        "featureClass": "station",
        "stationId": "mrt-station:hougang",
        "stationName": "HOUGANG",
        "exitIdentities": [
          "2D8A3BEA17E41AFD",
          "6D19186EFE5FD5FB",
          "CAD432D1FEF31915"
        ],
        "sourceDates": [
          "20251202172807"
        ],
        "lineReferences": [
          "NE14"
        ],
        "sourceDatasetIds": [
          "d_b39d3a0871985372d7e1637193335da5",
          "d_449ee0cec1f9574f8f34712da6f7456f",
          "d_d312a5b127e1ae74299b8ae664cedd4e"
        ],
        "sourceObservedAt": "2026-07-23T03:53:41.031Z"
      },
      "geometry": {
        "type": "Point",
        "coordinates": [
          103.89246438442173,
          1.371432176548845
        ]
      }
    },
    {
      "type": "Feature",
      "properties": {
        "featureClass": "station",
        "stationId": "mrt-station:jalan-besar",
        "stationName": "JALAN BESAR",
        "exitIdentities": [
          "1DF95F048432E540",
          "F845CB06D67E6A83"
        ],
        "sourceDates": [
          "20251202172807"
        ],
        "lineReferences": [
          "DT22"
        ],
        "sourceDatasetIds": [
          "d_b39d3a0871985372d7e1637193335da5",
          "d_449ee0cec1f9574f8f34712da6f7456f",
          "d_d312a5b127e1ae74299b8ae664cedd4e"
        ],
        "sourceObservedAt": "2026-07-23T03:53:41.031Z"
      },
      "geometry": {
        "type": "Point",
        "coordinates": [
          103.85527034501443,
          1.3051785870112829
        ]
      }
    },
    {
      "type": "Feature",
      "properties": {
        "featureClass": "station",
        "stationId": "mrt-station:jelapang",
        "stationName": "JELAPANG LRT STATION",
        "exitIdentities": [
          "45CDB0D9BDC73079"
        ],
        "sourceDates": [
          "20251202172807"
        ],
        "lineReferences": [
          "BP12"
        ],
        "sourceDatasetIds": [
          "d_b39d3a0871985372d7e1637193335da5",
          "d_449ee0cec1f9574f8f34712da6f7456f",
          "d_d312a5b127e1ae74299b8ae664cedd4e"
        ],
        "sourceObservedAt": "2026-07-23T03:53:41.031Z"
      },
      "geometry": {
        "type": "Point",
        "coordinates": [
          103.76467679284494,
          1.3868326995309255
        ]
      }
    },
    {
      "type": "Feature",
      "properties": {
        "featureClass": "station",
        "stationId": "mrt-station:joo-koon",
        "stationName": "JOO KOON",
        "exitIdentities": [
          "93D34F9CC519E4F1",
          "AFF1FA0853BEBB53"
        ],
        "sourceDates": [
          "20251202172807"
        ],
        "lineReferences": [
          "EW29"
        ],
        "sourceDatasetIds": [
          "d_b39d3a0871985372d7e1637193335da5",
          "d_449ee0cec1f9574f8f34712da6f7456f",
          "d_d312a5b127e1ae74299b8ae664cedd4e"
        ],
        "sourceObservedAt": "2026-07-23T03:53:41.031Z"
      },
      "geometry": {
        "type": "Point",
        "coordinates": [
          103.67858239304405,
          1.3277290979482586
        ]
      }
    },
    {
      "type": "Feature",
      "properties": {
        "featureClass": "station",
        "stationId": "mrt-station:jurong-east",
        "stationName": "JURONG EAST MRT STATION",
        "exitIdentities": [
          "133799CC6DC30D46",
          "62C94126CEE417F0",
          "C166FA1DA983F4C3",
          "F6949D2149A78ED9"
        ],
        "sourceDates": [
          "20251202172807"
        ],
        "lineReferences": [
          "EW24",
          "NS1"
        ],
        "sourceDatasetIds": [
          "d_b39d3a0871985372d7e1637193335da5",
          "d_449ee0cec1f9574f8f34712da6f7456f",
          "d_d312a5b127e1ae74299b8ae664cedd4e"
        ],
        "sourceObservedAt": "2026-07-23T03:53:41.031Z"
      },
      "geometry": {
        "type": "Point",
        "coordinates": [
          103.74236508406312,
          1.3332114638253463
        ]
      }
    },
    {
      "type": "Feature",
      "properties": {
        "featureClass": "station",
        "stationId": "mrt-station:kadaloor",
        "stationName": "KADALOOR LRT STATION",
        "exitIdentities": [
          "8F348D1DC2C6DCD9",
          "F84C17D9498B88F1"
        ],
        "sourceDates": [
          "20251202172807"
        ],
        "lineReferences": [
          "PE5"
        ],
        "sourceDatasetIds": [
          "d_b39d3a0871985372d7e1637193335da5",
          "d_449ee0cec1f9574f8f34712da6f7456f",
          "d_d312a5b127e1ae74299b8ae664cedd4e"
        ],
        "sourceObservedAt": "2026-07-23T03:53:41.031Z"
      },
      "geometry": {
        "type": "Point",
        "coordinates": [
          103.91645229440469,
          1.3996103651652896
        ]
      }
    },
    {
      "type": "Feature",
      "properties": {
        "featureClass": "station",
        "stationId": "mrt-station:kaki-bukit",
        "stationName": "KAKI BUKIT",
        "exitIdentities": [
          "C7859F14611E3E46",
          "D3065772B4A8884B"
        ],
        "sourceDates": [
          "20251202172807"
        ],
        "lineReferences": [
          "DT28"
        ],
        "sourceDatasetIds": [
          "d_b39d3a0871985372d7e1637193335da5",
          "d_449ee0cec1f9574f8f34712da6f7456f",
          "d_d312a5b127e1ae74299b8ae664cedd4e"
        ],
        "sourceObservedAt": "2026-07-23T03:53:41.031Z"
      },
      "geometry": {
        "type": "Point",
        "coordinates": [
          103.90927568744428,
          1.3351165483561398
        ]
      }
    },
    {
      "type": "Feature",
      "properties": {
        "featureClass": "station",
        "stationId": "mrt-station:kallang",
        "stationName": "KALLANG",
        "exitIdentities": [
          "6CF9B446E7CA4054",
          "C4FA9AF262FF43C1"
        ],
        "sourceDates": [
          "20251202172807"
        ],
        "lineReferences": [
          "EW10"
        ],
        "sourceDatasetIds": [
          "d_b39d3a0871985372d7e1637193335da5",
          "d_449ee0cec1f9574f8f34712da6f7456f",
          "d_d312a5b127e1ae74299b8ae664cedd4e"
        ],
        "sourceObservedAt": "2026-07-23T03:53:41.031Z"
      },
      "geometry": {
        "type": "Point",
        "coordinates": [
          103.87165882001496,
          1.3116611267596656
        ]
      }
    },
    {
      "type": "Feature",
      "properties": {
        "featureClass": "station",
        "stationId": "mrt-station:kangkar",
        "stationName": "KANGKAR LRT STATION",
        "exitIdentities": [
          "09AD446CDB37F542",
          "8F3E5F0D6E718156"
        ],
        "sourceDates": [
          "20251202172807"
        ],
        "lineReferences": [
          "SE4"
        ],
        "sourceDatasetIds": [
          "d_b39d3a0871985372d7e1637193335da5",
          "d_449ee0cec1f9574f8f34712da6f7456f",
          "d_d312a5b127e1ae74299b8ae664cedd4e"
        ],
        "sourceObservedAt": "2026-07-23T03:53:41.031Z"
      },
      "geometry": {
        "type": "Point",
        "coordinates": [
          103.90221196308491,
          1.3839198530203611
        ]
      }
    },
    {
      "type": "Feature",
      "properties": {
        "featureClass": "station",
        "stationId": "mrt-station:katong-park",
        "stationName": "KATONG PARK",
        "exitIdentities": [
          "15DB4306D5D96B25",
          "FC1CBA9301C10E50"
        ],
        "sourceDates": [
          "20251202172807"
        ],
        "lineReferences": [
          "TE24"
        ],
        "sourceDatasetIds": [
          "d_b39d3a0871985372d7e1637193335da5",
          "d_449ee0cec1f9574f8f34712da6f7456f",
          "d_d312a5b127e1ae74299b8ae664cedd4e"
        ],
        "sourceObservedAt": "2026-07-23T03:53:41.031Z"
      },
      "geometry": {
        "type": "Point",
        "coordinates": [
          103.88608064630657,
          1.2979590972838213
        ]
      }
    },
    {
      "type": "Feature",
      "properties": {
        "featureClass": "station",
        "stationId": "mrt-station:keat-hong",
        "stationName": "KEAT HONG LRT STATION",
        "exitIdentities": [
          "C7644F242A74A168"
        ],
        "sourceDates": [
          "20251202172807"
        ],
        "lineReferences": [
          "BP3"
        ],
        "sourceDatasetIds": [
          "d_b39d3a0871985372d7e1637193335da5",
          "d_449ee0cec1f9574f8f34712da6f7456f",
          "d_d312a5b127e1ae74299b8ae664cedd4e"
        ],
        "sourceObservedAt": "2026-07-23T03:53:41.031Z"
      },
      "geometry": {
        "type": "Point",
        "coordinates": [
          103.74922684160637,
          1.3784649670168292
        ]
      }
    },
    {
      "type": "Feature",
      "properties": {
        "featureClass": "station",
        "stationId": "mrt-station:kembangan",
        "stationName": "KEMBANGAN",
        "exitIdentities": [
          "85173EF160C47192",
          "E09063B99CE6B24F"
        ],
        "sourceDates": [
          "20251202172807"
        ],
        "lineReferences": [
          "EW6"
        ],
        "sourceDatasetIds": [
          "d_b39d3a0871985372d7e1637193335da5",
          "d_449ee0cec1f9574f8f34712da6f7456f",
          "d_d312a5b127e1ae74299b8ae664cedd4e"
        ],
        "sourceObservedAt": "2026-07-23T03:53:41.031Z"
      },
      "geometry": {
        "type": "Point",
        "coordinates": [
          103.9129201840768,
          1.321037934168733
        ]
      }
    },
    {
      "type": "Feature",
      "properties": {
        "featureClass": "station",
        "stationId": "mrt-station:kent-ridge",
        "stationName": "KENT RIDGE",
        "exitIdentities": [
          "3A15EBE767637D7E",
          "AE7207C0705527D0",
          "D5D0496822FDF5DF",
          "E895460A627947D4"
        ],
        "sourceDates": [
          "20251202172807"
        ],
        "lineReferences": [
          "CC24"
        ],
        "sourceDatasetIds": [
          "d_b39d3a0871985372d7e1637193335da5",
          "d_449ee0cec1f9574f8f34712da6f7456f",
          "d_d312a5b127e1ae74299b8ae664cedd4e"
        ],
        "sourceObservedAt": "2026-07-23T03:53:41.031Z"
      },
      "geometry": {
        "type": "Point",
        "coordinates": [
          103.78457515889197,
          1.2934868977315543
        ]
      }
    },
    {
      "type": "Feature",
      "properties": {
        "featureClass": "station",
        "stationId": "mrt-station:khatib",
        "stationName": "KHATIB",
        "exitIdentities": [
          "0EB1742925CA5FD4",
          "67A576351EE1E7DB",
          "BEC9777C2AF5693A",
          "DFC9A990CD03CDD1"
        ],
        "sourceDates": [
          "20251202172807"
        ],
        "lineReferences": [
          "NS14"
        ],
        "sourceDatasetIds": [
          "d_b39d3a0871985372d7e1637193335da5",
          "d_449ee0cec1f9574f8f34712da6f7456f",
          "d_d312a5b127e1ae74299b8ae664cedd4e"
        ],
        "sourceObservedAt": "2026-07-23T03:53:41.031Z"
      },
      "geometry": {
        "type": "Point",
        "coordinates": [
          103.83293675462139,
          1.4174038435815335
        ]
      }
    },
    {
      "type": "Feature",
      "properties": {
        "featureClass": "station",
        "stationId": "mrt-station:king-albert-park",
        "stationName": "KING ALBERT PARK",
        "exitIdentities": [
          "DAE9E8760965D45A",
          "E65E02F76E0D2687"
        ],
        "sourceDates": [
          "20251202172807"
        ],
        "lineReferences": [
          "DT6"
        ],
        "sourceDatasetIds": [
          "d_b39d3a0871985372d7e1637193335da5",
          "d_449ee0cec1f9574f8f34712da6f7456f",
          "d_d312a5b127e1ae74299b8ae664cedd4e"
        ],
        "sourceObservedAt": "2026-07-23T03:53:41.031Z"
      },
      "geometry": {
        "type": "Point",
        "coordinates": [
          103.78379592249806,
          1.3357565615926617
        ]
      }
    },
    {
      "type": "Feature",
      "properties": {
        "featureClass": "station",
        "stationId": "mrt-station:kovan",
        "stationName": "KOVAN",
        "exitIdentities": [
          "420650AF4622E265",
          "A740F42ACFBB45B6",
          "AECA4062F6010632"
        ],
        "sourceDates": [
          "20251202172807"
        ],
        "lineReferences": [
          "NE13"
        ],
        "sourceDatasetIds": [
          "d_b39d3a0871985372d7e1637193335da5",
          "d_449ee0cec1f9574f8f34712da6f7456f",
          "d_d312a5b127e1ae74299b8ae664cedd4e"
        ],
        "sourceObservedAt": "2026-07-23T03:53:41.031Z"
      },
      "geometry": {
        "type": "Point",
        "coordinates": [
          103.88482657958616,
          1.3599804073029922
        ]
      }
    },
    {
      "type": "Feature",
      "properties": {
        "featureClass": "station",
        "stationId": "mrt-station:kranji",
        "stationName": "KRANJI",
        "exitIdentities": [
          "20E6B767B2F69FB8",
          "91BDDFEBA5A15383",
          "E0BD26E3F5EE18B9",
          "EFEBDF844A7E944C"
        ],
        "sourceDates": [
          "20251202172807"
        ],
        "lineReferences": [
          "NS7"
        ],
        "sourceDatasetIds": [
          "d_b39d3a0871985372d7e1637193335da5",
          "d_449ee0cec1f9574f8f34712da6f7456f",
          "d_d312a5b127e1ae74299b8ae664cedd4e"
        ],
        "sourceObservedAt": "2026-07-23T03:53:41.031Z"
      },
      "geometry": {
        "type": "Point",
        "coordinates": [
          103.7620526444446,
          1.4249606810976627
        ]
      }
    },
    {
      "type": "Feature",
      "properties": {
        "featureClass": "station",
        "stationId": "mrt-station:kupang",
        "stationName": "KUPANG LRT STATION",
        "exitIdentities": [
          "62EDCA2810CF78CE",
          "EC95D6994C36C7C2"
        ],
        "sourceDates": [
          "20251202172807"
        ],
        "lineReferences": [
          "SW3"
        ],
        "sourceDatasetIds": [
          "d_b39d3a0871985372d7e1637193335da5",
          "d_449ee0cec1f9574f8f34712da6f7456f",
          "d_d312a5b127e1ae74299b8ae664cedd4e"
        ],
        "sourceObservedAt": "2026-07-23T03:53:41.031Z"
      },
      "geometry": {
        "type": "Point",
        "coordinates": [
          103.88113855300325,
          1.3982214946162514
        ]
      }
    },
    {
      "type": "Feature",
      "properties": {
        "featureClass": "station",
        "stationId": "mrt-station:labrador-park",
        "stationName": "LABRADOR\r\nPARK",
        "exitIdentities": [
          "77D4BE63E9419638"
        ],
        "sourceDates": [
          "20251202172807"
        ],
        "lineReferences": [
          "CC27"
        ],
        "sourceDatasetIds": [
          "d_b39d3a0871985372d7e1637193335da5",
          "d_449ee0cec1f9574f8f34712da6f7456f",
          "d_d312a5b127e1ae74299b8ae664cedd4e"
        ],
        "sourceObservedAt": "2026-07-23T03:53:41.031Z"
      },
      "geometry": {
        "type": "Point",
        "coordinates": [
          103.80235555366292,
          1.2721069580543352
        ]
      }
    },
    {
      "type": "Feature",
      "properties": {
        "featureClass": "station",
        "stationId": "mrt-station:lakeside",
        "stationName": "LAKESIDE",
        "exitIdentities": [
          "33F25E28EB4DD76D",
          "577ECF5E707DE228",
          "DA7033E23CE2B741"
        ],
        "sourceDates": [
          "20251202172807"
        ],
        "lineReferences": [
          "EW26"
        ],
        "sourceDatasetIds": [
          "d_b39d3a0871985372d7e1637193335da5",
          "d_449ee0cec1f9574f8f34712da6f7456f",
          "d_d312a5b127e1ae74299b8ae664cedd4e"
        ],
        "sourceObservedAt": "2026-07-23T03:53:41.031Z"
      },
      "geometry": {
        "type": "Point",
        "coordinates": [
          103.72107892304636,
          1.3441229895834477
        ]
      }
    },
    {
      "type": "Feature",
      "properties": {
        "featureClass": "station",
        "stationId": "mrt-station:lavender",
        "stationName": "LAVENDER",
        "exitIdentities": [
          "67781AFE7035C87A",
          "79E658884200F5CF"
        ],
        "sourceDates": [
          "20251202172807"
        ],
        "lineReferences": [
          "EW11"
        ],
        "sourceDatasetIds": [
          "d_b39d3a0871985372d7e1637193335da5",
          "d_449ee0cec1f9574f8f34712da6f7456f",
          "d_d312a5b127e1ae74299b8ae664cedd4e"
        ],
        "sourceObservedAt": "2026-07-23T03:53:41.031Z"
      },
      "geometry": {
        "type": "Point",
        "coordinates": [
          103.86284668976303,
          1.3073939998022037
        ]
      }
    },
    {
      "type": "Feature",
      "properties": {
        "featureClass": "station",
        "stationId": "mrt-station:layar",
        "stationName": "LAYAR LRT STATION",
        "exitIdentities": [
          "213B4B13C275292B",
          "F757F13626617675"
        ],
        "sourceDates": [
          "20251202172807"
        ],
        "lineReferences": [
          "SW6"
        ],
        "sourceDatasetIds": [
          "d_b39d3a0871985372d7e1637193335da5",
          "d_449ee0cec1f9574f8f34712da6f7456f",
          "d_d312a5b127e1ae74299b8ae664cedd4e"
        ],
        "sourceObservedAt": "2026-07-23T03:53:41.031Z"
      },
      "geometry": {
        "type": "Point",
        "coordinates": [
          103.88015126483126,
          1.3920853547732004
        ]
      }
    },
    {
      "type": "Feature",
      "properties": {
        "featureClass": "station",
        "stationId": "mrt-station:lentor",
        "stationName": "LENTOR",
        "exitIdentities": [
          "1D02FE80AE160F4F",
          "1DBB7D760352881C",
          "26CD4A0F04FEAE7A",
          "872548D8089E5C63",
          "AD8355986951011E"
        ],
        "sourceDates": [
          "20251202172807"
        ],
        "lineReferences": [
          "TE5"
        ],
        "sourceDatasetIds": [
          "d_b39d3a0871985372d7e1637193335da5",
          "d_449ee0cec1f9574f8f34712da6f7456f",
          "d_d312a5b127e1ae74299b8ae664cedd4e"
        ],
        "sourceObservedAt": "2026-07-23T03:53:41.031Z"
      },
      "geometry": {
        "type": "Point",
        "coordinates": [
          103.83655194030277,
          1.3847385802272616
        ]
      }
    },
    {
      "type": "Feature",
      "properties": {
        "featureClass": "station",
        "stationId": "mrt-station:little-india",
        "stationName": "LITTLE  INDIA",
        "exitIdentities": [
          "42434AF40AAA3CAF",
          "5617CFEE626840BB",
          "6710D2143B21969B",
          "6ABD7125ED6CAD9B",
          "8A50DC395B46AA31",
          "ADDF2D4CC49805FA"
        ],
        "sourceDates": [
          "20251202172807"
        ],
        "lineReferences": [
          "DT12",
          "NE7"
        ],
        "sourceDatasetIds": [
          "d_b39d3a0871985372d7e1637193335da5",
          "d_449ee0cec1f9574f8f34712da6f7456f",
          "d_d312a5b127e1ae74299b8ae664cedd4e"
        ],
        "sourceObservedAt": "2026-07-23T03:53:41.031Z"
      },
      "geometry": {
        "type": "Point",
        "coordinates": [
          103.84927941390605,
          1.3067475131053192
        ]
      }
    },
    {
      "type": "Feature",
      "properties": {
        "featureClass": "station",
        "stationId": "mrt-station:lorong-chuan",
        "stationName": "LORONG CHUAN",
        "exitIdentities": [
          "28A9382A30C8CE74",
          "F22EC9809EB9F243"
        ],
        "sourceDates": [
          "20251202172807"
        ],
        "lineReferences": [
          "CC14"
        ],
        "sourceDatasetIds": [
          "d_b39d3a0871985372d7e1637193335da5",
          "d_449ee0cec1f9574f8f34712da6f7456f",
          "d_d312a5b127e1ae74299b8ae664cedd4e"
        ],
        "sourceObservedAt": "2026-07-23T03:53:41.031Z"
      },
      "geometry": {
        "type": "Point",
        "coordinates": [
          103.86392598671051,
          1.3515888207439537
        ]
      }
    },
    {
      "type": "Feature",
      "properties": {
        "featureClass": "station",
        "stationId": "mrt-station:macpherson",
        "stationName": "MACPHERSON",
        "exitIdentities": [
          "5285256719923C73",
          "A4023956A12A2155",
          "AB2B8B46B299062B",
          "DA5558C22F66CC7C",
          "DB18BEBDD5326092"
        ],
        "sourceDates": [
          "20251202172807"
        ],
        "lineReferences": [
          "CC10",
          "DT26"
        ],
        "sourceDatasetIds": [
          "d_b39d3a0871985372d7e1637193335da5",
          "d_449ee0cec1f9574f8f34712da6f7456f",
          "d_d312a5b127e1ae74299b8ae664cedd4e"
        ],
        "sourceObservedAt": "2026-07-23T03:53:41.031Z"
      },
      "geometry": {
        "type": "Point",
        "coordinates": [
          103.88955832467487,
          1.3258707110251868
        ]
      }
    },
    {
      "type": "Feature",
      "properties": {
        "featureClass": "station",
        "stationId": "mrt-station:marina-bay",
        "stationName": "MARINA BAY",
        "exitIdentities": [
          "03BC8BA7B72C2D81",
          "2F2639EB423EFD0D",
          "4F0EDD7252D1EAF8",
          "9B69D26308E8046F",
          "F125CE014C37C2DB"
        ],
        "sourceDates": [
          "20251202172807"
        ],
        "lineReferences": [
          "CE2",
          "NS27",
          "TE20"
        ],
        "sourceDatasetIds": [
          "d_b39d3a0871985372d7e1637193335da5",
          "d_449ee0cec1f9574f8f34712da6f7456f",
          "d_d312a5b127e1ae74299b8ae664cedd4e"
        ],
        "sourceObservedAt": "2026-07-23T03:53:41.031Z"
      },
      "geometry": {
        "type": "Point",
        "coordinates": [
          103.85513069011677,
          1.2754511607510612
        ]
      }
    },
    {
      "type": "Feature",
      "properties": {
        "featureClass": "station",
        "stationId": "mrt-station:marina-south",
        "stationName": "MARINA SOUTH",
        "exitIdentities": [
          "0D8225B43A9DB12A",
          "20846F5C306F5CFE",
          "465066CFAE562319",
          "AC98AC5E6E4A2440"
        ],
        "sourceDates": [
          "20251202172807"
        ],
        "lineReferences": [
          "TE21"
        ],
        "sourceDatasetIds": [
          "d_b39d3a0871985372d7e1637193335da5",
          "d_449ee0cec1f9574f8f34712da6f7456f",
          "d_d312a5b127e1ae74299b8ae664cedd4e"
        ],
        "sourceObservedAt": "2026-07-23T03:53:41.031Z"
      },
      "geometry": {
        "type": "Point",
        "coordinates": [
          103.86221097558553,
          1.2740203434260169
        ]
      }
    },
    {
      "type": "Feature",
      "properties": {
        "featureClass": "station",
        "stationId": "mrt-station:marina-south-pier",
        "stationName": "MARINA SOUTH PIER",
        "exitIdentities": [
          "C73EE0EE2FBED722",
          "F068727788589ACD"
        ],
        "sourceDates": [
          "20251202172807"
        ],
        "lineReferences": [
          "NS28"
        ],
        "sourceDatasetIds": [
          "d_b39d3a0871985372d7e1637193335da5",
          "d_449ee0cec1f9574f8f34712da6f7456f",
          "d_d312a5b127e1ae74299b8ae664cedd4e"
        ],
        "sourceObservedAt": "2026-07-23T03:53:41.031Z"
      },
      "geometry": {
        "type": "Point",
        "coordinates": [
          103.8629548603669,
          1.2709839133404244
        ]
      }
    },
    {
      "type": "Feature",
      "properties": {
        "featureClass": "station",
        "stationId": "mrt-station:marine-parade",
        "stationName": "MARINE PARADE",
        "exitIdentities": [
          "0DF85BF8AB49FEC7",
          "22754DFDE2D848CB",
          "52845A2DC274CA7C",
          "732030E82EF855A4",
          "9CE48F9E4A0DF166",
          "D4E2F934F7995156"
        ],
        "sourceDates": [
          "20251202172807"
        ],
        "lineReferences": [
          "TE26"
        ],
        "sourceDatasetIds": [
          "d_b39d3a0871985372d7e1637193335da5",
          "d_449ee0cec1f9574f8f34712da6f7456f",
          "d_d312a5b127e1ae74299b8ae664cedd4e"
        ],
        "sourceObservedAt": "2026-07-23T03:53:41.031Z"
      },
      "geometry": {
        "type": "Point",
        "coordinates": [
          103.9068439327607,
          1.3037772663831824
        ]
      }
    },
    {
      "type": "Feature",
      "properties": {
        "featureClass": "station",
        "stationId": "mrt-station:marine-terrace",
        "stationName": "MARINE TERRACE",
        "exitIdentities": [
          "0A03D5F54F0F16EA",
          "1ACC71BADD4F380E",
          "34B15330BE334750",
          "48CC5428C44F3C52",
          "58814986A4D00949",
          "5CB0B88DE39DABDE"
        ],
        "sourceDates": [
          "20251202172807"
        ],
        "lineReferences": [
          "TE27"
        ],
        "sourceDatasetIds": [
          "d_b39d3a0871985372d7e1637193335da5",
          "d_449ee0cec1f9574f8f34712da6f7456f",
          "d_d312a5b127e1ae74299b8ae664cedd4e"
        ],
        "sourceObservedAt": "2026-07-23T03:53:41.031Z"
      },
      "geometry": {
        "type": "Point",
        "coordinates": [
          103.91507441029029,
          1.30669394023776
        ]
      }
    },
    {
      "type": "Feature",
      "properties": {
        "featureClass": "station",
        "stationId": "mrt-station:marsiling",
        "stationName": "MARSILING",
        "exitIdentities": [
          "0449B4DEFBEC025F",
          "A4DF45D1ABCFAC02",
          "AC661F5F30DEBD6A",
          "BC10B89687EB57DF"
        ],
        "sourceDates": [
          "20251202172807"
        ],
        "lineReferences": [
          "NS8"
        ],
        "sourceDatasetIds": [
          "d_b39d3a0871985372d7e1637193335da5",
          "d_449ee0cec1f9574f8f34712da6f7456f",
          "d_d312a5b127e1ae74299b8ae664cedd4e"
        ],
        "sourceObservedAt": "2026-07-23T03:53:41.031Z"
      },
      "geometry": {
        "type": "Point",
        "coordinates": [
          103.77410964960487,
          1.4326934873645052
        ]
      }
    },
    {
      "type": "Feature",
      "properties": {
        "featureClass": "station",
        "stationId": "mrt-station:marymount",
        "stationName": "MARYMOUNT",
        "exitIdentities": [
          "00445EC81B4CF09B",
          "D6F8DA032170A0CA"
        ],
        "sourceDates": [
          "20251202172807"
        ],
        "lineReferences": [
          "CC16"
        ],
        "sourceDatasetIds": [
          "d_b39d3a0871985372d7e1637193335da5",
          "d_449ee0cec1f9574f8f34712da6f7456f",
          "d_d312a5b127e1ae74299b8ae664cedd4e"
        ],
        "sourceObservedAt": "2026-07-23T03:53:41.031Z"
      },
      "geometry": {
        "type": "Point",
        "coordinates": [
          103.83957343743887,
          1.3484232292972218
        ]
      }
    },
    {
      "type": "Feature",
      "properties": {
        "featureClass": "station",
        "stationId": "mrt-station:mattar",
        "stationName": "MATTAR",
        "exitIdentities": [
          "63BE655DB172CD4E",
          "6B8EB7C225C36578"
        ],
        "sourceDates": [
          "20251202172807"
        ],
        "lineReferences": [
          "DT25"
        ],
        "sourceDatasetIds": [
          "d_b39d3a0871985372d7e1637193335da5",
          "d_449ee0cec1f9574f8f34712da6f7456f",
          "d_d312a5b127e1ae74299b8ae664cedd4e"
        ],
        "sourceObservedAt": "2026-07-23T03:53:41.031Z"
      },
      "geometry": {
        "type": "Point",
        "coordinates": [
          103.88324022727885,
          1.3268574681294334
        ]
      }
    },
    {
      "type": "Feature",
      "properties": {
        "featureClass": "station",
        "stationId": "mrt-station:maxwell",
        "stationName": "MAXWELL",
        "exitIdentities": [
          "5D6CDC9708168E3B",
          "95F61602B7CE905C",
          "CE1632BF9D6E1F72"
        ],
        "sourceDates": [
          "20251202172807"
        ],
        "lineReferences": [
          "TE18"
        ],
        "sourceDatasetIds": [
          "d_b39d3a0871985372d7e1637193335da5",
          "d_449ee0cec1f9574f8f34712da6f7456f",
          "d_d312a5b127e1ae74299b8ae664cedd4e"
        ],
        "sourceObservedAt": "2026-07-23T03:53:41.031Z"
      },
      "geometry": {
        "type": "Point",
        "coordinates": [
          103.84399205942661,
          1.2807150714114808
        ]
      }
    },
    {
      "type": "Feature",
      "properties": {
        "featureClass": "station",
        "stationId": "mrt-station:mayflower",
        "stationName": "MAYFLOWER",
        "exitIdentities": [
          "03D1FF1990E162EB",
          "0C15214EBA575804",
          "4C504570F6BC8EC3",
          "4F085EF4AAB00599",
          "64DA1E7B1619F148",
          "728784A5D5FEAA7A",
          "AE51C872434B37D7"
        ],
        "sourceDates": [
          "20251202172807"
        ],
        "lineReferences": [
          "TE6"
        ],
        "sourceDatasetIds": [
          "d_b39d3a0871985372d7e1637193335da5",
          "d_449ee0cec1f9574f8f34712da6f7456f",
          "d_d312a5b127e1ae74299b8ae664cedd4e"
        ],
        "sourceObservedAt": "2026-07-23T03:53:41.031Z"
      },
      "geometry": {
        "type": "Point",
        "coordinates": [
          103.8367656394605,
          1.372040419765963
        ]
      }
    },
    {
      "type": "Feature",
      "properties": {
        "featureClass": "station",
        "stationId": "mrt-station:meridian",
        "stationName": "MERIDIAN LRT STATION",
        "exitIdentities": [
          "CB5492FBE757562B",
          "FCD25ADA46274E53"
        ],
        "sourceDates": [
          "20251202172807"
        ],
        "lineReferences": [
          "PE2"
        ],
        "sourceDatasetIds": [
          "d_b39d3a0871985372d7e1637193335da5",
          "d_449ee0cec1f9574f8f34712da6f7456f",
          "d_d312a5b127e1ae74299b8ae664cedd4e"
        ],
        "sourceObservedAt": "2026-07-23T03:53:41.031Z"
      },
      "geometry": {
        "type": "Point",
        "coordinates": [
          103.90891766467064,
          1.3969013699690482
        ]
      }
    },
    {
      "type": "Feature",
      "properties": {
        "featureClass": "station",
        "stationId": "mrt-station:mountbatten",
        "stationName": "MOUNTBATTEN",
        "exitIdentities": [
          "187A879D30D2F951",
          "D4AA144302569724"
        ],
        "sourceDates": [
          "20251202172807"
        ],
        "lineReferences": [
          "CC7"
        ],
        "sourceDatasetIds": [
          "d_b39d3a0871985372d7e1637193335da5",
          "d_449ee0cec1f9574f8f34712da6f7456f",
          "d_d312a5b127e1ae74299b8ae664cedd4e"
        ],
        "sourceObservedAt": "2026-07-23T03:53:41.031Z"
      },
      "geometry": {
        "type": "Point",
        "coordinates": [
          103.88292291421888,
          1.3063993179446136
        ]
      }
    },
    {
      "type": "Feature",
      "properties": {
        "featureClass": "station",
        "stationId": "mrt-station:napier",
        "stationName": "NAPIER",
        "exitIdentities": [
          "8800C596B7DB260F",
          "CE1402EDB6926C4A"
        ],
        "sourceDates": [
          "20251202172807"
        ],
        "lineReferences": [
          "TE12"
        ],
        "sourceDatasetIds": [
          "d_b39d3a0871985372d7e1637193335da5",
          "d_449ee0cec1f9574f8f34712da6f7456f",
          "d_d312a5b127e1ae74299b8ae664cedd4e"
        ],
        "sourceObservedAt": "2026-07-23T03:53:41.031Z"
      },
      "geometry": {
        "type": "Point",
        "coordinates": [
          103.81949519948067,
          1.3066404836453698
        ]
      }
    },
    {
      "type": "Feature",
      "properties": {
        "featureClass": "station",
        "stationId": "mrt-station:ne18",
        "stationName": "NE18",
        "exitIdentities": [
          "85086BCD4B43A22C",
          "FFDCDF69440434F7"
        ],
        "sourceDates": [
          "20260717145318"
        ],
        "lineReferences": [],
        "sourceDatasetIds": [
          "d_b39d3a0871985372d7e1637193335da5",
          "d_449ee0cec1f9574f8f34712da6f7456f",
          "d_d312a5b127e1ae74299b8ae664cedd4e"
        ],
        "sourceObservedAt": "2026-07-23T03:53:41.031Z"
      },
      "geometry": {
        "type": "Point",
        "coordinates": [
          103.91010708468855,
          1.414962523987617
        ]
      }
    },
    {
      "type": "Feature",
      "properties": {
        "featureClass": "station",
        "stationId": "mrt-station:newton",
        "stationName": "NEWTON",
        "exitIdentities": [
          "3A315A2361D88723",
          "B75D0390F4B7FDF5",
          "D977970135729EB8"
        ],
        "sourceDates": [
          "20251202172807"
        ],
        "lineReferences": [
          "DT11",
          "NS21"
        ],
        "sourceDatasetIds": [
          "d_b39d3a0871985372d7e1637193335da5",
          "d_449ee0cec1f9574f8f34712da6f7456f",
          "d_d312a5b127e1ae74299b8ae664cedd4e"
        ],
        "sourceObservedAt": "2026-07-23T03:53:41.031Z"
      },
      "geometry": {
        "type": "Point",
        "coordinates": [
          103.83811425879577,
          1.3127635093197172
        ]
      }
    },
    {
      "type": "Feature",
      "properties": {
        "featureClass": "station",
        "stationId": "mrt-station:nibong",
        "stationName": "NIBONG LRT STATION",
        "exitIdentities": [
          "853F2A40C64D662F",
          "BDB536DD4D5059E3"
        ],
        "sourceDates": [
          "20251202172807"
        ],
        "lineReferences": [
          "PW5"
        ],
        "sourceDatasetIds": [
          "d_b39d3a0871985372d7e1637193335da5",
          "d_449ee0cec1f9574f8f34712da6f7456f",
          "d_d312a5b127e1ae74299b8ae664cedd4e"
        ],
        "sourceObservedAt": "2026-07-23T03:53:41.031Z"
      },
      "geometry": {
        "type": "Point",
        "coordinates": [
          103.90030268112983,
          1.4118415485297002
        ]
      }
    },
    {
      "type": "Feature",
      "properties": {
        "featureClass": "station",
        "stationId": "mrt-station:nicoll-highway",
        "stationName": "NICOLL HIGHWAY",
        "exitIdentities": [
          "2E07D7422B61952A",
          "CE8447F8465B2FF7"
        ],
        "sourceDates": [
          "20251202172807"
        ],
        "lineReferences": [
          "CC5"
        ],
        "sourceDatasetIds": [
          "d_b39d3a0871985372d7e1637193335da5",
          "d_449ee0cec1f9574f8f34712da6f7456f",
          "d_d312a5b127e1ae74299b8ae664cedd4e"
        ],
        "sourceObservedAt": "2026-07-23T03:53:41.031Z"
      },
      "geometry": {
        "type": "Point",
        "coordinates": [
          103.86382885147265,
          1.2999152246963064
        ]
      }
    },
    {
      "type": "Feature",
      "properties": {
        "featureClass": "station",
        "stationId": "mrt-station:novena",
        "stationName": "NOVENA",
        "exitIdentities": [
          "1C30DBBBBC9F938C",
          "F8D815A9ADA89BE1"
        ],
        "sourceDates": [
          "20251202172807"
        ],
        "lineReferences": [
          "NS20"
        ],
        "sourceDatasetIds": [
          "d_b39d3a0871985372d7e1637193335da5",
          "d_449ee0cec1f9574f8f34712da6f7456f",
          "d_d312a5b127e1ae74299b8ae664cedd4e"
        ],
        "sourceObservedAt": "2026-07-23T03:53:41.031Z"
      },
      "geometry": {
        "type": "Point",
        "coordinates": [
          103.84386453367341,
          1.3204953771685692
        ]
      }
    },
    {
      "type": "Feature",
      "properties": {
        "featureClass": "station",
        "stationId": "mrt-station:oasis",
        "stationName": "OASIS LRT STATION",
        "exitIdentities": [
          "0BEB37C242EBF30C",
          "9B8770AEDF254A19"
        ],
        "sourceDates": [
          "20251202172807"
        ],
        "lineReferences": [
          "PE6"
        ],
        "sourceDatasetIds": [
          "d_b39d3a0871985372d7e1637193335da5",
          "d_449ee0cec1f9574f8f34712da6f7456f",
          "d_d312a5b127e1ae74299b8ae664cedd4e"
        ],
        "sourceObservedAt": "2026-07-23T03:53:41.031Z"
      },
      "geometry": {
        "type": "Point",
        "coordinates": [
          103.91270035342811,
          1.4023054254111869
        ]
      }
    },
    {
      "type": "Feature",
      "properties": {
        "featureClass": "station",
        "stationId": "mrt-station:one-north",
        "stationName": "ONE-NORTH",
        "exitIdentities": [
          "14396AC4C6B421F3",
          "1C5F562480779031",
          "45A9A4D683B771BF",
          "5C641090FA13AD51"
        ],
        "sourceDates": [
          "20251202172807"
        ],
        "lineReferences": [
          "CC23"
        ],
        "sourceDatasetIds": [
          "d_b39d3a0871985372d7e1637193335da5",
          "d_449ee0cec1f9574f8f34712da6f7456f",
          "d_d312a5b127e1ae74299b8ae664cedd4e"
        ],
        "sourceObservedAt": "2026-07-23T03:53:41.031Z"
      },
      "geometry": {
        "type": "Point",
        "coordinates": [
          103.78754638481149,
          1.299794098173204
        ]
      }
    },
    {
      "type": "Feature",
      "properties": {
        "featureClass": "station",
        "stationId": "mrt-station:orchard",
        "stationName": "ORCHARD",
        "exitIdentities": [
          "0A847CDFAB7B3F63",
          "4E4D642287D1546E",
          "5EA01AD2A9EE377D",
          "7055832BEE42BDA7",
          "705858431FF72BCB",
          "9C4A361AF93F75D2",
          "A360078B6432F773",
          "AD31C99F12BAEE46",
          "B3BE3F499ED707F1",
          "D7A5F13EF395CD85",
          "DBD31FCCFBAE692E",
          "EA3B90BA295EFD84",
          "FCA5411E28B2A33D"
        ],
        "sourceDates": [
          "20251202172807"
        ],
        "lineReferences": [
          "NS22",
          "TE14"
        ],
        "sourceDatasetIds": [
          "d_b39d3a0871985372d7e1637193335da5",
          "d_449ee0cec1f9574f8f34712da6f7456f",
          "d_d312a5b127e1ae74299b8ae664cedd4e"
        ],
        "sourceObservedAt": "2026-07-23T03:53:41.031Z"
      },
      "geometry": {
        "type": "Point",
        "coordinates": [
          103.83185961720105,
          1.303789221695739
        ]
      }
    },
    {
      "type": "Feature",
      "properties": {
        "featureClass": "station",
        "stationId": "mrt-station:orchard-boulevard",
        "stationName": "ORCHARD \r\nBOULEVARD",
        "exitIdentities": [
          "387A884B34A26CED",
          "4FC444363DB7E86D"
        ],
        "sourceDates": [
          "20251202172807"
        ],
        "lineReferences": [
          "TE13"
        ],
        "sourceDatasetIds": [
          "d_b39d3a0871985372d7e1637193335da5",
          "d_449ee0cec1f9574f8f34712da6f7456f",
          "d_d312a5b127e1ae74299b8ae664cedd4e"
        ],
        "sourceObservedAt": "2026-07-23T03:53:41.031Z"
      },
      "geometry": {
        "type": "Point",
        "coordinates": [
          103.82376675527779,
          1.3030436388374476
        ]
      }
    },
    {
      "type": "Feature",
      "properties": {
        "featureClass": "station",
        "stationId": "mrt-station:outram-park",
        "stationName": "OUTRAM PARK",
        "exitIdentities": [
          "00AC1131DC50AE35",
          "3057E9135BFBD0F9",
          "3C9A35B7FDC33A1A",
          "7A26F4DA0D6151ED",
          "9240996FD39C6AB0",
          "C6452A7F824358BC",
          "CBF6275E32E848D8",
          "E6EE8657F042CAA7"
        ],
        "sourceDates": [
          "20251202172807"
        ],
        "lineReferences": [
          "EW16",
          "NE3",
          "TE17"
        ],
        "sourceDatasetIds": [
          "d_b39d3a0871985372d7e1637193335da5",
          "d_449ee0cec1f9574f8f34712da6f7456f",
          "d_d312a5b127e1ae74299b8ae664cedd4e"
        ],
        "sourceObservedAt": "2026-07-23T03:53:41.031Z"
      },
      "geometry": {
        "type": "Point",
        "coordinates": [
          103.83907654709711,
          1.2807282808591962
        ]
      }
    },
    {
      "type": "Feature",
      "properties": {
        "featureClass": "station",
        "stationId": "mrt-station:pasir-panjang",
        "stationName": "PASIR PANJANG",
        "exitIdentities": [
          "DC64D55F9888B200"
        ],
        "sourceDates": [
          "20251202172807"
        ],
        "lineReferences": [
          "CC26"
        ],
        "sourceDatasetIds": [
          "d_b39d3a0871985372d7e1637193335da5",
          "d_449ee0cec1f9574f8f34712da6f7456f",
          "d_d312a5b127e1ae74299b8ae664cedd4e"
        ],
        "sourceObservedAt": "2026-07-23T03:53:41.031Z"
      },
      "geometry": {
        "type": "Point",
        "coordinates": [
          103.79203018692041,
          1.276003232785054
        ]
      }
    },
    {
      "type": "Feature",
      "properties": {
        "featureClass": "station",
        "stationId": "mrt-station:pasir-ris",
        "stationName": "PASIR RIS",
        "exitIdentities": [
          "5F3BC6B21D0848C7",
          "A801E2A1E34520C9"
        ],
        "sourceDates": [
          "20251202172807"
        ],
        "lineReferences": [
          "EW1"
        ],
        "sourceDatasetIds": [
          "d_b39d3a0871985372d7e1637193335da5",
          "d_449ee0cec1f9574f8f34712da6f7456f",
          "d_d312a5b127e1ae74299b8ae664cedd4e"
        ],
        "sourceObservedAt": "2026-07-23T03:53:41.031Z"
      },
      "geometry": {
        "type": "Point",
        "coordinates": [
          103.94923518349682,
          1.3728641027162678
        ]
      }
    },
    {
      "type": "Feature",
      "properties": {
        "featureClass": "station",
        "stationId": "mrt-station:paya-lebar",
        "stationName": "PAYA LEBAR",
        "exitIdentities": [
          "0EA7336E0E7F32CF",
          "69CB616E4522ABA4",
          "786C0A6632548330",
          "CC4D13D27CAEA2B1"
        ],
        "sourceDates": [
          "20251202172807"
        ],
        "lineReferences": [
          "CC9",
          "EW8"
        ],
        "sourceDatasetIds": [
          "d_b39d3a0871985372d7e1637193335da5",
          "d_449ee0cec1f9574f8f34712da6f7456f",
          "d_d312a5b127e1ae74299b8ae664cedd4e"
        ],
        "sourceObservedAt": "2026-07-23T03:53:41.031Z"
      },
      "geometry": {
        "type": "Point",
        "coordinates": [
          103.89220107839353,
          1.3178251159873784
        ]
      }
    },
    {
      "type": "Feature",
      "properties": {
        "featureClass": "station",
        "stationId": "mrt-station:pending",
        "stationName": "PENDING LRT STATION",
        "exitIdentities": [
          "17E89960BD47612A"
        ],
        "sourceDates": [
          "20251202172807"
        ],
        "lineReferences": [
          "BP8"
        ],
        "sourceDatasetIds": [
          "d_b39d3a0871985372d7e1637193335da5",
          "d_449ee0cec1f9574f8f34712da6f7456f",
          "d_d312a5b127e1ae74299b8ae664cedd4e"
        ],
        "sourceObservedAt": "2026-07-23T03:53:41.031Z"
      },
      "geometry": {
        "type": "Point",
        "coordinates": [
          103.77132784229688,
          1.376297117193637
        ]
      }
    },
    {
      "type": "Feature",
      "properties": {
        "featureClass": "station",
        "stationId": "mrt-station:petir",
        "stationName": "PETIR LRT STATION",
        "exitIdentities": [
          "B0600A1212F651AE"
        ],
        "sourceDates": [
          "20251202172807"
        ],
        "lineReferences": [
          "BP7"
        ],
        "sourceDatasetIds": [
          "d_b39d3a0871985372d7e1637193335da5",
          "d_449ee0cec1f9574f8f34712da6f7456f",
          "d_d312a5b127e1ae74299b8ae664cedd4e"
        ],
        "sourceObservedAt": "2026-07-23T03:53:41.031Z"
      },
      "geometry": {
        "type": "Point",
        "coordinates": [
          103.76679301496294,
          1.37760322809516
        ]
      }
    },
    {
      "type": "Feature",
      "properties": {
        "featureClass": "station",
        "stationId": "mrt-station:phoenix",
        "stationName": "PHOENIX LRT STATION",
        "exitIdentities": [
          "C7F6410B1E2A01E2"
        ],
        "sourceDates": [
          "20251202172807"
        ],
        "lineReferences": [
          "BP5"
        ],
        "sourceDatasetIds": [
          "d_b39d3a0871985372d7e1637193335da5",
          "d_449ee0cec1f9574f8f34712da6f7456f",
          "d_d312a5b127e1ae74299b8ae664cedd4e"
        ],
        "sourceObservedAt": "2026-07-23T03:53:41.031Z"
      },
      "geometry": {
        "type": "Point",
        "coordinates": [
          103.75825247510643,
          1.378614068213967
        ]
      }
    },
    {
      "type": "Feature",
      "properties": {
        "featureClass": "station",
        "stationId": "mrt-station:pioneer",
        "stationName": "PIONEER",
        "exitIdentities": [
          "2362DB8619A766E8",
          "72551C3253621E4C"
        ],
        "sourceDates": [
          "20251202172807"
        ],
        "lineReferences": [
          "EW28"
        ],
        "sourceDatasetIds": [
          "d_b39d3a0871985372d7e1637193335da5",
          "d_449ee0cec1f9574f8f34712da6f7456f",
          "d_d312a5b127e1ae74299b8ae664cedd4e"
        ],
        "sourceObservedAt": "2026-07-23T03:53:41.031Z"
      },
      "geometry": {
        "type": "Point",
        "coordinates": [
          103.69714241314384,
          1.3375881274629595
        ]
      }
    },
    {
      "type": "Feature",
      "properties": {
        "featureClass": "station",
        "stationId": "mrt-station:potong-pasir",
        "stationName": "POTONG PASIR",
        "exitIdentities": [
          "1B39543BA5308563",
          "ADC7223B75A5E175",
          "C0620A11315B77FF"
        ],
        "sourceDates": [
          "20251202172807"
        ],
        "lineReferences": [
          "NE10"
        ],
        "sourceDatasetIds": [
          "d_b39d3a0871985372d7e1637193335da5",
          "d_449ee0cec1f9574f8f34712da6f7456f",
          "d_d312a5b127e1ae74299b8ae664cedd4e"
        ],
        "sourceObservedAt": "2026-07-23T03:53:41.031Z"
      },
      "geometry": {
        "type": "Point",
        "coordinates": [
          103.86900119241783,
          1.331672067985565
        ]
      }
    },
    {
      "type": "Feature",
      "properties": {
        "featureClass": "station",
        "stationId": "mrt-station:promenade",
        "stationName": "PROMENADE",
        "exitIdentities": [
          "9EAAD1597236079B",
          "BCC2873D65F6A92C",
          "DF287781847E65C1"
        ],
        "sourceDates": [
          "20251202172807"
        ],
        "lineReferences": [
          "CC4",
          "DT15"
        ],
        "sourceDatasetIds": [
          "d_b39d3a0871985372d7e1637193335da5",
          "d_449ee0cec1f9574f8f34712da6f7456f",
          "d_d312a5b127e1ae74299b8ae664cedd4e"
        ],
        "sourceObservedAt": "2026-07-23T03:53:41.031Z"
      },
      "geometry": {
        "type": "Point",
        "coordinates": [
          103.86034899327198,
          1.2932255017455438
        ]
      }
    },
    {
      "type": "Feature",
      "properties": {
        "featureClass": "station",
        "stationId": "mrt-station:punggol",
        "stationName": "PUNGGOL",
        "exitIdentities": [
          "0B2529A684127E11",
          "946836207101FC23",
          "ABD1B5F0A5C95A52",
          "E3FC8EFB1852284C"
        ],
        "sourceDates": [
          "20251202172807"
        ],
        "lineReferences": [
          "NE17",
          "PTC"
        ],
        "sourceDatasetIds": [
          "d_b39d3a0871985372d7e1637193335da5",
          "d_449ee0cec1f9574f8f34712da6f7456f",
          "d_d312a5b127e1ae74299b8ae664cedd4e"
        ],
        "sourceObservedAt": "2026-07-23T03:53:41.031Z"
      },
      "geometry": {
        "type": "Point",
        "coordinates": [
          103.90220458929751,
          1.4048161949745839
        ]
      }
    },
    {
      "type": "Feature",
      "properties": {
        "featureClass": "station",
        "stationId": "mrt-station:punggol-point",
        "stationName": "PUNGGOL POINT LRT STATION",
        "exitIdentities": [
          "45E35F4903E99C73",
          "A61E18152335BFC3"
        ],
        "sourceDates": [
          "20251202172807"
        ],
        "lineReferences": [
          "PW3"
        ],
        "sourceDatasetIds": [
          "d_b39d3a0871985372d7e1637193335da5",
          "d_449ee0cec1f9574f8f34712da6f7456f",
          "d_d312a5b127e1ae74299b8ae664cedd4e"
        ],
        "sourceObservedAt": "2026-07-23T03:53:41.031Z"
      },
      "geometry": {
        "type": "Point",
        "coordinates": [
          103.9067555486285,
          1.4167894179276284
        ]
      }
    },
    {
      "type": "Feature",
      "properties": {
        "featureClass": "station",
        "stationId": "mrt-station:queenstown",
        "stationName": "QUEENSTOWN",
        "exitIdentities": [
          "2B9707C0F0ECEFC8",
          "323A1F8C0515C318",
          "45F7FB42BEF80E73",
          "C54B2E9241AC7587"
        ],
        "sourceDates": [
          "20251202172807"
        ],
        "lineReferences": [
          "EW19"
        ],
        "sourceDatasetIds": [
          "d_b39d3a0871985372d7e1637193335da5",
          "d_449ee0cec1f9574f8f34712da6f7456f",
          "d_d312a5b127e1ae74299b8ae664cedd4e"
        ],
        "sourceObservedAt": "2026-07-23T03:53:41.031Z"
      },
      "geometry": {
        "type": "Point",
        "coordinates": [
          103.80589279616889,
          1.2948515894133084
        ]
      }
    },
    {
      "type": "Feature",
      "properties": {
        "featureClass": "station",
        "stationId": "mrt-station:raffles-place",
        "stationName": "RAFFLES   PLACE",
        "exitIdentities": [
          "0172739C99613BF7",
          "229B46DF8A1250CC",
          "244D66DE744BCD47",
          "3363214AF138AD7A",
          "40F9660EB1C4C12E",
          "5783A6CCBAC00283",
          "7908CDF860503E38",
          "BDC3B51F0318BD2C",
          "D79CE3109CFB1331",
          "F5DECEDB9FFE5F33"
        ],
        "sourceDates": [
          "20251202172807"
        ],
        "lineReferences": [
          "EW14",
          "NS26"
        ],
        "sourceDatasetIds": [
          "d_b39d3a0871985372d7e1637193335da5",
          "d_449ee0cec1f9574f8f34712da6f7456f",
          "d_d312a5b127e1ae74299b8ae664cedd4e"
        ],
        "sourceObservedAt": "2026-07-23T03:53:41.031Z"
      },
      "geometry": {
        "type": "Point",
        "coordinates": [
          103.8514146762947,
          1.2837037810256355
        ]
      }
    },
    {
      "type": "Feature",
      "properties": {
        "featureClass": "station",
        "stationId": "mrt-station:ranggung",
        "stationName": "RANGGUNG LRT STATION",
        "exitIdentities": [
          "077813950167F0B1",
          "8D5E7FC2B8D737C3"
        ],
        "sourceDates": [
          "20251202172807"
        ],
        "lineReferences": [
          "SE5"
        ],
        "sourceDatasetIds": [
          "d_b39d3a0871985372d7e1637193335da5",
          "d_449ee0cec1f9574f8f34712da6f7456f",
          "d_d312a5b127e1ae74299b8ae664cedd4e"
        ],
        "sourceObservedAt": "2026-07-23T03:53:41.031Z"
      },
      "geometry": {
        "type": "Point",
        "coordinates": [
          103.89727283093592,
          1.3841406347375078
        ]
      }
    },
    {
      "type": "Feature",
      "properties": {
        "featureClass": "station",
        "stationId": "mrt-station:redhill",
        "stationName": "REDHILL",
        "exitIdentities": [
          "08AE2164E30DF4A7",
          "C665A340A5A6CBEC"
        ],
        "sourceDates": [
          "20251202172807"
        ],
        "lineReferences": [
          "EW18"
        ],
        "sourceDatasetIds": [
          "d_b39d3a0871985372d7e1637193335da5",
          "d_449ee0cec1f9574f8f34712da6f7456f",
          "d_d312a5b127e1ae74299b8ae664cedd4e"
        ],
        "sourceObservedAt": "2026-07-23T03:53:41.031Z"
      },
      "geometry": {
        "type": "Point",
        "coordinates": [
          103.8171219158162,
          1.289428290017252
        ]
      }
    },
    {
      "type": "Feature",
      "properties": {
        "featureClass": "station",
        "stationId": "mrt-station:renjong",
        "stationName": "RENJONG LRT STATION",
        "exitIdentities": [
          "35048F84F3D858BC",
          "B0178F7E6DD16A1A"
        ],
        "sourceDates": [
          "20251202172807"
        ],
        "lineReferences": [
          "SW8"
        ],
        "sourceDatasetIds": [
          "d_b39d3a0871985372d7e1637193335da5",
          "d_449ee0cec1f9574f8f34712da6f7456f",
          "d_d312a5b127e1ae74299b8ae664cedd4e"
        ],
        "sourceObservedAt": "2026-07-23T03:53:41.031Z"
      },
      "geometry": {
        "type": "Point",
        "coordinates": [
          103.89042367692801,
          1.3867560500520364
        ]
      }
    },
    {
      "type": "Feature",
      "properties": {
        "featureClass": "station",
        "stationId": "mrt-station:riviera",
        "stationName": "RIVIERA",
        "exitIdentities": [
          "720E105DE8EACE66",
          "B302D78A0F102EF5"
        ],
        "sourceDates": [
          "20251202172807"
        ],
        "lineReferences": [
          "PE4"
        ],
        "sourceDatasetIds": [
          "d_b39d3a0871985372d7e1637193335da5",
          "d_449ee0cec1f9574f8f34712da6f7456f",
          "d_d312a5b127e1ae74299b8ae664cedd4e"
        ],
        "sourceObservedAt": "2026-07-23T03:53:41.031Z"
      },
      "geometry": {
        "type": "Point",
        "coordinates": [
          103.91609928452392,
          1.3944423385440405
        ]
      }
    },
    {
      "type": "Feature",
      "properties": {
        "featureClass": "station",
        "stationId": "mrt-station:rochor",
        "stationName": "ROCHOR",
        "exitIdentities": [
          "3D9484B6A1206900",
          "5F1E6F573314E1E3"
        ],
        "sourceDates": [
          "20251202172807"
        ],
        "lineReferences": [
          "DT13"
        ],
        "sourceDatasetIds": [
          "d_b39d3a0871985372d7e1637193335da5",
          "d_449ee0cec1f9574f8f34712da6f7456f",
          "d_d312a5b127e1ae74299b8ae664cedd4e"
        ],
        "sourceObservedAt": "2026-07-23T03:53:41.031Z"
      },
      "geometry": {
        "type": "Point",
        "coordinates": [
          103.85273967864146,
          1.3038094417846313
        ]
      }
    },
    {
      "type": "Feature",
      "properties": {
        "featureClass": "station",
        "stationId": "mrt-station:rumbia",
        "stationName": "RUMBIA LRT STATION",
        "exitIdentities": [
          "19F50D0B45ED2625",
          "24270D468CB0C551"
        ],
        "sourceDates": [
          "20251202172807"
        ],
        "lineReferences": [
          "SE2"
        ],
        "sourceDatasetIds": [
          "d_b39d3a0871985372d7e1637193335da5",
          "d_449ee0cec1f9574f8f34712da6f7456f",
          "d_d312a5b127e1ae74299b8ae664cedd4e"
        ],
        "sourceObservedAt": "2026-07-23T03:53:41.031Z"
      },
      "geometry": {
        "type": "Point",
        "coordinates": [
          103.90606230550871,
          1.3913773641022749
        ]
      }
    },
    {
      "type": "Feature",
      "properties": {
        "featureClass": "station",
        "stationId": "mrt-station:sam-kee",
        "stationName": "SAM KEE LRT STATION",
        "exitIdentities": [
          "D716A4040285BEB9",
          "ED444F6994E770B0"
        ],
        "sourceDates": [
          "20251202172807"
        ],
        "lineReferences": [
          "PW1"
        ],
        "sourceDatasetIds": [
          "d_b39d3a0871985372d7e1637193335da5",
          "d_449ee0cec1f9574f8f34712da6f7456f",
          "d_d312a5b127e1ae74299b8ae664cedd4e"
        ],
        "sourceObservedAt": "2026-07-23T03:53:41.031Z"
      },
      "geometry": {
        "type": "Point",
        "coordinates": [
          103.90491542547062,
          1.4097650862417428
        ]
      }
    },
    {
      "type": "Feature",
      "properties": {
        "featureClass": "station",
        "stationId": "mrt-station:samudera",
        "stationName": "SAMUDERA LRT STATION",
        "exitIdentities": [
          "4D74C24533C50685",
          "5773D3B5DB9A561F"
        ],
        "sourceDates": [
          "20251202172807"
        ],
        "lineReferences": [
          "PW4"
        ],
        "sourceDatasetIds": [
          "d_b39d3a0871985372d7e1637193335da5",
          "d_449ee0cec1f9574f8f34712da6f7456f",
          "d_d312a5b127e1ae74299b8ae664cedd4e"
        ],
        "sourceObservedAt": "2026-07-23T03:53:41.031Z"
      },
      "geometry": {
        "type": "Point",
        "coordinates": [
          103.90213653486909,
          1.4158856087872789
        ]
      }
    },
    {
      "type": "Feature",
      "properties": {
        "featureClass": "station",
        "stationId": "mrt-station:segar",
        "stationName": "SEGAR LRT STATION",
        "exitIdentities": [
          "54BFE6EB924CBA6F"
        ],
        "sourceDates": [
          "20251202172807"
        ],
        "lineReferences": [
          "BP11"
        ],
        "sourceDatasetIds": [
          "d_b39d3a0871985372d7e1637193335da5",
          "d_449ee0cec1f9574f8f34712da6f7456f",
          "d_d312a5b127e1ae74299b8ae664cedd4e"
        ],
        "sourceObservedAt": "2026-07-23T03:53:41.031Z"
      },
      "geometry": {
        "type": "Point",
        "coordinates": [
          103.76940991480218,
          1.3878115559952267
        ]
      }
    },
    {
      "type": "Feature",
      "properties": {
        "featureClass": "station",
        "stationId": "mrt-station:sembawang",
        "stationName": "SEMBAWANG",
        "exitIdentities": [
          "3167E33222F7BAC9",
          "A4391FC0AAA1EAAC",
          "A612A01DC4DD39AA",
          "CBDA244C9326B8C6"
        ],
        "sourceDates": [
          "20251202172807"
        ],
        "lineReferences": [
          "NS11"
        ],
        "sourceDatasetIds": [
          "d_b39d3a0871985372d7e1637193335da5",
          "d_449ee0cec1f9574f8f34712da6f7456f",
          "d_d312a5b127e1ae74299b8ae664cedd4e"
        ],
        "sourceObservedAt": "2026-07-23T03:53:41.031Z"
      },
      "geometry": {
        "type": "Point",
        "coordinates": [
          103.82001511665648,
          1.4489224371143137
        ]
      }
    },
    {
      "type": "Feature",
      "properties": {
        "featureClass": "station",
        "stationId": "mrt-station:sengkang",
        "stationName": "SENGKANG",
        "exitIdentities": [
          "245FC278F4E5D3D3",
          "5C2ABE67FA9DA403",
          "7B18AEBD6DA44B02",
          "E026168F5D7B044A"
        ],
        "sourceDates": [
          "20251202172807"
        ],
        "lineReferences": [
          "NE16",
          "STC"
        ],
        "sourceDatasetIds": [
          "d_b39d3a0871985372d7e1637193335da5",
          "d_449ee0cec1f9574f8f34712da6f7456f",
          "d_d312a5b127e1ae74299b8ae664cedd4e"
        ],
        "sourceObservedAt": "2026-07-23T03:53:41.031Z"
      },
      "geometry": {
        "type": "Point",
        "coordinates": [
          103.89548936790362,
          1.3917192967765781
        ]
      }
    },
    {
      "type": "Feature",
      "properties": {
        "featureClass": "station",
        "stationId": "mrt-station:senja",
        "stationName": "SENJA LRT STATION",
        "exitIdentities": [
          "C46382A21331EA45"
        ],
        "sourceDates": [
          "20251202172807"
        ],
        "lineReferences": [
          "BP13"
        ],
        "sourceDatasetIds": [
          "d_b39d3a0871985372d7e1637193335da5",
          "d_449ee0cec1f9574f8f34712da6f7456f",
          "d_d312a5b127e1ae74299b8ae664cedd4e"
        ],
        "sourceObservedAt": "2026-07-23T03:53:41.031Z"
      },
      "geometry": {
        "type": "Point",
        "coordinates": [
          103.76232576657173,
          1.3828754471752023
        ]
      }
    },
    {
      "type": "Feature",
      "properties": {
        "featureClass": "station",
        "stationId": "mrt-station:serangoon",
        "stationName": "SERANGOON",
        "exitIdentities": [
          "12758F1DDC8CF6B8",
          "29231A6BE44BC0C3",
          "40A841F72D73A02C",
          "56E474B40576C822",
          "AF9B4A2ED6E87545",
          "C1B3F5AC67211832",
          "DA4475EAB2A9601C",
          "F904CF22F1692BDE"
        ],
        "sourceDates": [
          "20251202172807"
        ],
        "lineReferences": [
          "CC13",
          "NE12"
        ],
        "sourceDatasetIds": [
          "d_b39d3a0871985372d7e1637193335da5",
          "d_449ee0cec1f9574f8f34712da6f7456f",
          "d_d312a5b127e1ae74299b8ae664cedd4e"
        ],
        "sourceObservedAt": "2026-07-23T03:53:41.031Z"
      },
      "geometry": {
        "type": "Point",
        "coordinates": [
          103.87329741577366,
          1.3502623171668307
        ]
      }
    },
    {
      "type": "Feature",
      "properties": {
        "featureClass": "station",
        "stationId": "mrt-station:shenton-way",
        "stationName": "SHENTON WAY",
        "exitIdentities": [
          "03444FA2BC9AF9DF",
          "2B1F698DD3DB8746",
          "42CEFA5FE7DD78D9",
          "A54D185A5569B115",
          "AAEEB32398817172",
          "FD720BE5E5565E2E"
        ],
        "sourceDates": [
          "20251202172807"
        ],
        "lineReferences": [
          "TE19"
        ],
        "sourceDatasetIds": [
          "d_b39d3a0871985372d7e1637193335da5",
          "d_449ee0cec1f9574f8f34712da6f7456f",
          "d_d312a5b127e1ae74299b8ae664cedd4e"
        ],
        "sourceObservedAt": "2026-07-23T03:53:41.031Z"
      },
      "geometry": {
        "type": "Point",
        "coordinates": [
          103.85093581007624,
          1.2774705811450466
        ]
      }
    },
    {
      "type": "Feature",
      "properties": {
        "featureClass": "station",
        "stationId": "mrt-station:siglap",
        "stationName": "SIGLAP",
        "exitIdentities": [
          "0CD4FE836F56EE89",
          "5133D8768907FCBF",
          "5449C62706BCB3AB",
          "8AD9E3CFFD77F7FC"
        ],
        "sourceDates": [
          "20251202172807"
        ],
        "lineReferences": [
          "TE28"
        ],
        "sourceDatasetIds": [
          "d_b39d3a0871985372d7e1637193335da5",
          "d_449ee0cec1f9574f8f34712da6f7456f",
          "d_d312a5b127e1ae74299b8ae664cedd4e"
        ],
        "sourceObservedAt": "2026-07-23T03:53:41.031Z"
      },
      "geometry": {
        "type": "Point",
        "coordinates": [
          103.92997897887473,
          1.309854457687683
        ]
      }
    },
    {
      "type": "Feature",
      "properties": {
        "featureClass": "station",
        "stationId": "mrt-station:simei",
        "stationName": "SIMEI",
        "exitIdentities": [
          "FE7E73B9E2A00E1D"
        ],
        "sourceDates": [
          "20251202172807"
        ],
        "lineReferences": [
          "EW3"
        ],
        "sourceDatasetIds": [
          "d_b39d3a0871985372d7e1637193335da5",
          "d_449ee0cec1f9574f8f34712da6f7456f",
          "d_d312a5b127e1ae74299b8ae664cedd4e"
        ],
        "sourceObservedAt": "2026-07-23T03:53:41.031Z"
      },
      "geometry": {
        "type": "Point",
        "coordinates": [
          103.953818676297,
          1.3426617945337078
        ]
      }
    },
    {
      "type": "Feature",
      "properties": {
        "featureClass": "station",
        "stationId": "mrt-station:sixth-avenue",
        "stationName": "SIXTH    AVENUE",
        "exitIdentities": [
          "10CC04828E7C82D8",
          "2C20FEBDCFC154A5"
        ],
        "sourceDates": [
          "20251202172807"
        ],
        "lineReferences": [
          "DT7"
        ],
        "sourceDatasetIds": [
          "d_b39d3a0871985372d7e1637193335da5",
          "d_449ee0cec1f9574f8f34712da6f7456f",
          "d_d312a5b127e1ae74299b8ae664cedd4e"
        ],
        "sourceObservedAt": "2026-07-23T03:53:41.031Z"
      },
      "geometry": {
        "type": "Point",
        "coordinates": [
          103.79670713017461,
          1.3311508856909509
        ]
      }
    },
    {
      "type": "Feature",
      "properties": {
        "featureClass": "station",
        "stationId": "mrt-station:somerset",
        "stationName": "SOMERSET",
        "exitIdentities": [
          "87BD98DB1E154EDA",
          "947DEBE26C775910",
          "C073EA14C7AA013E",
          "C8C03BAA2804D6D1"
        ],
        "sourceDates": [
          "20251202172807"
        ],
        "lineReferences": [
          "NS23"
        ],
        "sourceDatasetIds": [
          "d_b39d3a0871985372d7e1637193335da5",
          "d_449ee0cec1f9574f8f34712da6f7456f",
          "d_d312a5b127e1ae74299b8ae664cedd4e"
        ],
        "sourceObservedAt": "2026-07-23T03:53:41.031Z"
      },
      "geometry": {
        "type": "Point",
        "coordinates": [
          103.83883951102648,
          1.3003680916322324
        ]
      }
    },
    {
      "type": "Feature",
      "properties": {
        "featureClass": "station",
        "stationId": "mrt-station:soo-teck",
        "stationName": "SOO TECK LRT STATION",
        "exitIdentities": [
          "5C840B0088A042B7",
          "7CDEC183A92283AA"
        ],
        "sourceDates": [
          "20251202172807"
        ],
        "lineReferences": [
          "PW7"
        ],
        "sourceDatasetIds": [
          "d_b39d3a0871985372d7e1637193335da5",
          "d_449ee0cec1f9574f8f34712da6f7456f",
          "d_d312a5b127e1ae74299b8ae664cedd4e"
        ],
        "sourceObservedAt": "2026-07-23T03:53:41.031Z"
      },
      "geometry": {
        "type": "Point",
        "coordinates": [
          103.89721924696917,
          1.405129912183108
        ]
      }
    },
    {
      "type": "Feature",
      "properties": {
        "featureClass": "station",
        "stationId": "mrt-station:south-view",
        "stationName": "SOUTH VIEW LRT STATION",
        "exitIdentities": [
          "335EFAECE777F0ED"
        ],
        "sourceDates": [
          "20251202172807"
        ],
        "lineReferences": [
          "BP2"
        ],
        "sourceDatasetIds": [
          "d_b39d3a0871985372d7e1637193335da5",
          "d_449ee0cec1f9574f8f34712da6f7456f",
          "d_d312a5b127e1ae74299b8ae664cedd4e"
        ],
        "sourceObservedAt": "2026-07-23T03:53:41.031Z"
      },
      "geometry": {
        "type": "Point",
        "coordinates": [
          103.74510113107972,
          1.3803176569910298
        ]
      }
    },
    {
      "type": "Feature",
      "properties": {
        "featureClass": "station",
        "stationId": "mrt-station:springleaf",
        "stationName": "SPRINGLEAF",
        "exitIdentities": [
          "122980157DCB57C6",
          "8D6ED46D4B845735",
          "CAB3151915361262"
        ],
        "sourceDates": [
          "20251202172807"
        ],
        "lineReferences": [
          "TE4"
        ],
        "sourceDatasetIds": [
          "d_b39d3a0871985372d7e1637193335da5",
          "d_449ee0cec1f9574f8f34712da6f7456f",
          "d_d312a5b127e1ae74299b8ae664cedd4e"
        ],
        "sourceObservedAt": "2026-07-23T03:53:41.031Z"
      },
      "geometry": {
        "type": "Point",
        "coordinates": [
          103.8181585486309,
          1.3980974104338053
        ]
      }
    },
    {
      "type": "Feature",
      "properties": {
        "featureClass": "station",
        "stationId": "mrt-station:stadium",
        "stationName": "STADIUM",
        "exitIdentities": [
          "402BA10E05281F64",
          "CA5A16272BE38BEE"
        ],
        "sourceDates": [
          "20251202172807"
        ],
        "lineReferences": [
          "CC6"
        ],
        "sourceDatasetIds": [
          "d_b39d3a0871985372d7e1637193335da5",
          "d_449ee0cec1f9574f8f34712da6f7456f",
          "d_d312a5b127e1ae74299b8ae664cedd4e"
        ],
        "sourceObservedAt": "2026-07-23T03:53:41.031Z"
      },
      "geometry": {
        "type": "Point",
        "coordinates": [
          103.8753131111321,
          1.302940656871825
        ]
      }
    },
    {
      "type": "Feature",
      "properties": {
        "featureClass": "station",
        "stationId": "mrt-station:stevens",
        "stationName": "STEVENS",
        "exitIdentities": [
          "3DDAD01108E1ED83",
          "43C1FAB4A764D619",
          "93AA974193E59BF8",
          "A6EA6AA10E329D97",
          "FD76A5DA4056C137"
        ],
        "sourceDates": [
          "20251202172807"
        ],
        "lineReferences": [
          "DT10",
          "TE11"
        ],
        "sourceDatasetIds": [
          "d_b39d3a0871985372d7e1637193335da5",
          "d_449ee0cec1f9574f8f34712da6f7456f",
          "d_d312a5b127e1ae74299b8ae664cedd4e"
        ],
        "sourceObservedAt": "2026-07-23T03:53:41.031Z"
      },
      "geometry": {
        "type": "Point",
        "coordinates": [
          103.8257877978408,
          1.3201417279919707
        ]
      }
    },
    {
      "type": "Feature",
      "properties": {
        "featureClass": "station",
        "stationId": "mrt-station:sumang",
        "stationName": "SUMANG LRT STATION",
        "exitIdentities": [
          "5B2417A2FAFF4D06",
          "DE121A01C547F972"
        ],
        "sourceDates": [
          "20251202172807"
        ],
        "lineReferences": [
          "PW6"
        ],
        "sourceDatasetIds": [
          "d_b39d3a0871985372d7e1637193335da5",
          "d_449ee0cec1f9574f8f34712da6f7456f",
          "d_d312a5b127e1ae74299b8ae664cedd4e"
        ],
        "sourceObservedAt": "2026-07-23T03:53:41.031Z"
      },
      "geometry": {
        "type": "Point",
        "coordinates": [
          103.89854640201656,
          1.4084281664294225
        ]
      }
    },
    {
      "type": "Feature",
      "properties": {
        "featureClass": "station",
        "stationId": "mrt-station:tai-seng",
        "stationName": "TAI SENG",
        "exitIdentities": [
          "54874BD41781B357",
          "92A8B3A2EDFF0F9F",
          "B121007692C889BF"
        ],
        "sourceDates": [
          "20251202172807",
          "20260717145303"
        ],
        "lineReferences": [
          "CC11"
        ],
        "sourceDatasetIds": [
          "d_b39d3a0871985372d7e1637193335da5",
          "d_449ee0cec1f9574f8f34712da6f7456f",
          "d_d312a5b127e1ae74299b8ae664cedd4e"
        ],
        "sourceObservedAt": "2026-07-23T03:53:41.031Z"
      },
      "geometry": {
        "type": "Point",
        "coordinates": [
          103.88803424435679,
          1.3354357850750767
        ]
      }
    },
    {
      "type": "Feature",
      "properties": {
        "featureClass": "station",
        "stationId": "mrt-station:tampines",
        "stationName": "TAMPINES",
        "exitIdentities": [
          "1D91E52F1D3C6192",
          "2E179BE5B3B6B091",
          "4857FF7FA81FC41A",
          "6D821717AFC18096",
          "ACC2B4758E58EF1B",
          "B610E91C58D66F87",
          "CFE16BC8ECCE4D1A"
        ],
        "sourceDates": [
          "20251202172807"
        ],
        "lineReferences": [
          "DT32",
          "EW2"
        ],
        "sourceDatasetIds": [
          "d_b39d3a0871985372d7e1637193335da5",
          "d_449ee0cec1f9574f8f34712da6f7456f",
          "d_d312a5b127e1ae74299b8ae664cedd4e"
        ],
        "sourceObservedAt": "2026-07-23T03:53:41.031Z"
      },
      "geometry": {
        "type": "Point",
        "coordinates": [
          103.94378200066225,
          1.3543165275390319
        ]
      }
    },
    {
      "type": "Feature",
      "properties": {
        "featureClass": "station",
        "stationId": "mrt-station:tampines-east",
        "stationName": "TAMPINES EAST",
        "exitIdentities": [
          "192449D843551047",
          "99EACB07EB87275F",
          "CBB2A963BF33C276",
          "FFF4C9A7B530851C"
        ],
        "sourceDates": [
          "20251202172807"
        ],
        "lineReferences": [
          "DT33"
        ],
        "sourceDatasetIds": [
          "d_b39d3a0871985372d7e1637193335da5",
          "d_449ee0cec1f9574f8f34712da6f7456f",
          "d_d312a5b127e1ae74299b8ae664cedd4e"
        ],
        "sourceObservedAt": "2026-07-23T03:53:41.031Z"
      },
      "geometry": {
        "type": "Point",
        "coordinates": [
          103.95528315107563,
          1.3561430882801482
        ]
      }
    },
    {
      "type": "Feature",
      "properties": {
        "featureClass": "station",
        "stationId": "mrt-station:tampines-west",
        "stationName": "TAMPINES WEST",
        "exitIdentities": [
          "538DEFEDB8DF426A",
          "6F2A56A935D2673D"
        ],
        "sourceDates": [
          "20251202172807"
        ],
        "lineReferences": [
          "DT31"
        ],
        "sourceDatasetIds": [
          "d_b39d3a0871985372d7e1637193335da5",
          "d_449ee0cec1f9574f8f34712da6f7456f",
          "d_d312a5b127e1ae74299b8ae664cedd4e"
        ],
        "sourceObservedAt": "2026-07-23T03:53:41.031Z"
      },
      "geometry": {
        "type": "Point",
        "coordinates": [
          103.93857262189366,
          1.3453148925641991
        ]
      }
    },
    {
      "type": "Feature",
      "properties": {
        "featureClass": "station",
        "stationId": "mrt-station:tan-kah-kee",
        "stationName": "TAN    KAH    KEE",
        "exitIdentities": [
          "90A659920312F326",
          "A5B4AAE12B40643B"
        ],
        "sourceDates": [
          "20251202172807"
        ],
        "lineReferences": [
          "DT8"
        ],
        "sourceDatasetIds": [
          "d_b39d3a0871985372d7e1637193335da5",
          "d_449ee0cec1f9574f8f34712da6f7456f",
          "d_d312a5b127e1ae74299b8ae664cedd4e"
        ],
        "sourceObservedAt": "2026-07-23T03:53:41.031Z"
      },
      "geometry": {
        "type": "Point",
        "coordinates": [
          103.80779999638969,
          1.3257396139528346
        ]
      }
    },
    {
      "type": "Feature",
      "properties": {
        "featureClass": "station",
        "stationId": "mrt-station:tanah-merah",
        "stationName": "TANAH MERAH",
        "exitIdentities": [
          "36F95FB516EC35CE",
          "A923EE234A94C8FF"
        ],
        "sourceDates": [
          "20251202172807"
        ],
        "lineReferences": [
          "EW4"
        ],
        "sourceDatasetIds": [
          "d_b39d3a0871985372d7e1637193335da5",
          "d_449ee0cec1f9574f8f34712da6f7456f",
          "d_d312a5b127e1ae74299b8ae664cedd4e"
        ],
        "sourceObservedAt": "2026-07-23T03:53:41.031Z"
      },
      "geometry": {
        "type": "Point",
        "coordinates": [
          103.94575888475583,
          1.32695951210127
        ]
      }
    },
    {
      "type": "Feature",
      "properties": {
        "featureClass": "station",
        "stationId": "mrt-station:tanjong-katong",
        "stationName": "TANJONG\r\nKATONG",
        "exitIdentities": [
          "20195B0C7E059151",
          "85C5F46F4FC53B6B",
          "9EE3D3DBE4CA4419"
        ],
        "sourceDates": [
          "20251202172807"
        ],
        "lineReferences": [
          "TE25"
        ],
        "sourceDatasetIds": [
          "d_b39d3a0871985372d7e1637193335da5",
          "d_449ee0cec1f9574f8f34712da6f7456f",
          "d_d312a5b127e1ae74299b8ae664cedd4e"
        ],
        "sourceObservedAt": "2026-07-23T03:53:41.031Z"
      },
      "geometry": {
        "type": "Point",
        "coordinates": [
          103.89748462479015,
          1.299428004349031
        ]
      }
    },
    {
      "type": "Feature",
      "properties": {
        "featureClass": "station",
        "stationId": "mrt-station:tanjong-pagar",
        "stationName": "TANJONG PAGAR",
        "exitIdentities": [
          "1052749762F1E1E3",
          "39E16699C1976560",
          "44F1B6273F87FEDF",
          "80D1390DC9F96913",
          "8B6F9D10513EFA49",
          "B6A65715434862A9",
          "BD38C5FD98D816FF",
          "E1CC299B43F4C1C1",
          "E922D2F204D2DA84"
        ],
        "sourceDates": [
          "20251202172807"
        ],
        "lineReferences": [
          "EW15"
        ],
        "sourceDatasetIds": [
          "d_b39d3a0871985372d7e1637193335da5",
          "d_449ee0cec1f9574f8f34712da6f7456f",
          "d_d312a5b127e1ae74299b8ae664cedd4e"
        ],
        "sourceObservedAt": "2026-07-23T03:53:41.031Z"
      },
      "geometry": {
        "type": "Point",
        "coordinates": [
          103.84643317490287,
          1.276506255901992
        ]
      }
    },
    {
      "type": "Feature",
      "properties": {
        "featureClass": "station",
        "stationId": "mrt-station:tanjong-rhu",
        "stationName": "TANJONG\r\nRHU",
        "exitIdentities": [
          "96F40A3597110E95",
          "E5EAE98FAAD310FA"
        ],
        "sourceDates": [
          "20251202172807"
        ],
        "lineReferences": [
          "TE23"
        ],
        "sourceDatasetIds": [
          "d_b39d3a0871985372d7e1637193335da5",
          "d_449ee0cec1f9574f8f34712da6f7456f",
          "d_d312a5b127e1ae74299b8ae664cedd4e"
        ],
        "sourceObservedAt": "2026-07-23T03:53:41.031Z"
      },
      "geometry": {
        "type": "Point",
        "coordinates": [
          103.8735402960179,
          1.2973297672846043
        ]
      }
    },
    {
      "type": "Feature",
      "properties": {
        "featureClass": "station",
        "stationId": "mrt-station:teck-lee",
        "stationName": "TECK LEE LRT STATION",
        "exitIdentities": [
          "3025BE9395030FE0",
          "B648DCD0478F77B3"
        ],
        "sourceDates": [
          "20251202172807"
        ],
        "lineReferences": [
          "PW2"
        ],
        "sourceDatasetIds": [
          "d_b39d3a0871985372d7e1637193335da5",
          "d_449ee0cec1f9574f8f34712da6f7456f",
          "d_d312a5b127e1ae74299b8ae664cedd4e"
        ],
        "sourceObservedAt": "2026-07-23T03:53:41.031Z"
      },
      "geometry": {
        "type": "Point",
        "coordinates": [
          103.90664615971971,
          1.412902368913235
        ]
      }
    },
    {
      "type": "Feature",
      "properties": {
        "featureClass": "station",
        "stationId": "mrt-station:teck-whye",
        "stationName": "TECK WHYE LRT STATION",
        "exitIdentities": [
          "E0F222D52301D3A3"
        ],
        "sourceDates": [
          "20251202172807"
        ],
        "lineReferences": [
          "BP4"
        ],
        "sourceDatasetIds": [
          "d_b39d3a0871985372d7e1637193335da5",
          "d_449ee0cec1f9574f8f34712da6f7456f",
          "d_d312a5b127e1ae74299b8ae664cedd4e"
        ],
        "sourceObservedAt": "2026-07-23T03:53:41.031Z"
      },
      "geometry": {
        "type": "Point",
        "coordinates": [
          103.75382610234246,
          1.3765641949369936
        ]
      }
    },
    {
      "type": "Feature",
      "properties": {
        "featureClass": "station",
        "stationId": "mrt-station:telok-ayer",
        "stationName": "TELOK AYER",
        "exitIdentities": [
          "0482FD5CBD7B912B",
          "974D41D519377A08",
          "F628F180D146397C"
        ],
        "sourceDates": [
          "20251202172807"
        ],
        "lineReferences": [
          "DT18"
        ],
        "sourceDatasetIds": [
          "d_b39d3a0871985372d7e1637193335da5",
          "d_449ee0cec1f9574f8f34712da6f7456f",
          "d_d312a5b127e1ae74299b8ae664cedd4e"
        ],
        "sourceObservedAt": "2026-07-23T03:53:41.031Z"
      },
      "geometry": {
        "type": "Point",
        "coordinates": [
          103.84870717603917,
          1.282211776179462
        ]
      }
    },
    {
      "type": "Feature",
      "properties": {
        "featureClass": "station",
        "stationId": "mrt-station:telok-blangah",
        "stationName": "TELOK BLANGAH",
        "exitIdentities": [
          "A4D239AA865A436A"
        ],
        "sourceDates": [
          "20251202172807"
        ],
        "lineReferences": [
          "CC28"
        ],
        "sourceDatasetIds": [
          "d_b39d3a0871985372d7e1637193335da5",
          "d_449ee0cec1f9574f8f34712da6f7456f",
          "d_d312a5b127e1ae74299b8ae664cedd4e"
        ],
        "sourceObservedAt": "2026-07-23T03:53:41.031Z"
      },
      "geometry": {
        "type": "Point",
        "coordinates": [
          103.80988373092025,
          1.2707212262114045
        ]
      }
    },
    {
      "type": "Feature",
      "properties": {
        "featureClass": "station",
        "stationId": "mrt-station:thanggam",
        "stationName": "THANGGAM LRT STATION",
        "exitIdentities": [
          "16EC7E9FB469AE26",
          "256206889802450A"
        ],
        "sourceDates": [
          "20251202172807"
        ],
        "lineReferences": [
          "SW4"
        ],
        "sourceDatasetIds": [
          "d_b39d3a0871985372d7e1637193335da5",
          "d_449ee0cec1f9574f8f34712da6f7456f",
          "d_d312a5b127e1ae74299b8ae664cedd4e"
        ],
        "sourceObservedAt": "2026-07-23T03:53:41.031Z"
      },
      "geometry": {
        "type": "Point",
        "coordinates": [
          103.87562660067039,
          1.397195247131311
        ]
      }
    },
    {
      "type": "Feature",
      "properties": {
        "featureClass": "station",
        "stationId": "mrt-station:tiong-bahru",
        "stationName": "TIONG BAHRU",
        "exitIdentities": [
          "6D56F8B0A81292DB",
          "B5B30BE2B81082CE"
        ],
        "sourceDates": [
          "20251202172807"
        ],
        "lineReferences": [
          "EW17"
        ],
        "sourceDatasetIds": [
          "d_b39d3a0871985372d7e1637193335da5",
          "d_449ee0cec1f9574f8f34712da6f7456f",
          "d_d312a5b127e1ae74299b8ae664cedd4e"
        ],
        "sourceObservedAt": "2026-07-23T03:53:41.031Z"
      },
      "geometry": {
        "type": "Point",
        "coordinates": [
          103.82724350426975,
          1.286060698644622
        ]
      }
    },
    {
      "type": "Feature",
      "properties": {
        "featureClass": "station",
        "stationId": "mrt-station:toa-payoh",
        "stationName": "TOA PAYOH",
        "exitIdentities": [
          "4345E66C22E984AC",
          "4C8924227130F1F0",
          "5AB7564CE0D0C509",
          "DE385222B3EA4A3C"
        ],
        "sourceDates": [
          "20251202172807"
        ],
        "lineReferences": [
          "NS19"
        ],
        "sourceDatasetIds": [
          "d_b39d3a0871985372d7e1637193335da5",
          "d_449ee0cec1f9574f8f34712da6f7456f",
          "d_d312a5b127e1ae74299b8ae664cedd4e"
        ],
        "sourceObservedAt": "2026-07-23T03:53:41.031Z"
      },
      "geometry": {
        "type": "Point",
        "coordinates": [
          103.84728463789433,
          1.3327412066251947
        ]
      }
    },
    {
      "type": "Feature",
      "properties": {
        "featureClass": "station",
        "stationId": "mrt-station:tongkang",
        "stationName": "TONGKANG LRT STATION",
        "exitIdentities": [
          "DB46A51FA82F6865",
          "F83D29999DC4CC0E"
        ],
        "sourceDates": [
          "20251202172807"
        ],
        "lineReferences": [
          "SW7"
        ],
        "sourceDatasetIds": [
          "d_b39d3a0871985372d7e1637193335da5",
          "d_449ee0cec1f9574f8f34712da6f7456f",
          "d_d312a5b127e1ae74299b8ae664cedd4e"
        ],
        "sourceObservedAt": "2026-07-23T03:53:41.031Z"
      },
      "geometry": {
        "type": "Point",
        "coordinates": [
          103.88602323575125,
          1.3892795844733175
        ]
      }
    },
    {
      "type": "Feature",
      "properties": {
        "featureClass": "station",
        "stationId": "mrt-station:tuas-crescent",
        "stationName": "TUAS CRESCENT",
        "exitIdentities": [
          "6395E3FC8B63D35B",
          "D98379EE652ED92E"
        ],
        "sourceDates": [
          "20251202172807"
        ],
        "lineReferences": [
          "EW31"
        ],
        "sourceDatasetIds": [
          "d_b39d3a0871985372d7e1637193335da5",
          "d_449ee0cec1f9574f8f34712da6f7456f",
          "d_d312a5b127e1ae74299b8ae664cedd4e"
        ],
        "sourceObservedAt": "2026-07-23T03:53:41.031Z"
      },
      "geometry": {
        "type": "Point",
        "coordinates": [
          103.64912276518791,
          1.3210037067554503
        ]
      }
    },
    {
      "type": "Feature",
      "properties": {
        "featureClass": "station",
        "stationId": "mrt-station:tuas-link",
        "stationName": "TUAS LINK",
        "exitIdentities": [
          "124B3EF02A2AD8EF",
          "4EB65BBF499F04BE"
        ],
        "sourceDates": [
          "20251202172807"
        ],
        "lineReferences": [
          "EW33"
        ],
        "sourceDatasetIds": [
          "d_b39d3a0871985372d7e1637193335da5",
          "d_449ee0cec1f9574f8f34712da6f7456f",
          "d_d312a5b127e1ae74299b8ae664cedd4e"
        ],
        "sourceObservedAt": "2026-07-23T03:53:41.031Z"
      },
      "geometry": {
        "type": "Point",
        "coordinates": [
          103.63704319374754,
          1.3406834857368601
        ]
      }
    },
    {
      "type": "Feature",
      "properties": {
        "featureClass": "station",
        "stationId": "mrt-station:tuas-west-road",
        "stationName": "TUAS WEST ROAD",
        "exitIdentities": [
          "7C93D36D12D462DA",
          "9982881E8A76BEDD"
        ],
        "sourceDates": [
          "20251202172807"
        ],
        "lineReferences": [
          "EW32"
        ],
        "sourceDatasetIds": [
          "d_b39d3a0871985372d7e1637193335da5",
          "d_449ee0cec1f9574f8f34712da6f7456f",
          "d_d312a5b127e1ae74299b8ae664cedd4e"
        ],
        "sourceObservedAt": "2026-07-23T03:53:41.031Z"
      },
      "geometry": {
        "type": "Point",
        "coordinates": [
          103.63953752800171,
          1.330027377185666
        ]
      }
    },
    {
      "type": "Feature",
      "properties": {
        "featureClass": "station",
        "stationId": "mrt-station:ubi",
        "stationName": "UBI",
        "exitIdentities": [
          "7CB7D918F6B5E915",
          "CAE96AD9A152877B"
        ],
        "sourceDates": [
          "20251202172807"
        ],
        "lineReferences": [
          "DT27"
        ],
        "sourceDatasetIds": [
          "d_b39d3a0871985372d7e1637193335da5",
          "d_449ee0cec1f9574f8f34712da6f7456f",
          "d_d312a5b127e1ae74299b8ae664cedd4e"
        ],
        "sourceObservedAt": "2026-07-23T03:53:41.031Z"
      },
      "geometry": {
        "type": "Point",
        "coordinates": [
          103.89923113088656,
          1.3298907994822522
        ]
      }
    },
    {
      "type": "Feature",
      "properties": {
        "featureClass": "station",
        "stationId": "mrt-station:upper-changi",
        "stationName": "UPPER  CHANGI",
        "exitIdentities": [
          "23F915FD4BA908AB",
          "9EAAA93AC64D4C2B",
          "D12B752513687695",
          "DCF272AB67E90046",
          "FC43DB54B0E61973"
        ],
        "sourceDates": [
          "20251202172807"
        ],
        "lineReferences": [
          "DT34"
        ],
        "sourceDatasetIds": [
          "d_b39d3a0871985372d7e1637193335da5",
          "d_449ee0cec1f9574f8f34712da6f7456f",
          "d_d312a5b127e1ae74299b8ae664cedd4e"
        ],
        "sourceObservedAt": "2026-07-23T03:53:41.031Z"
      },
      "geometry": {
        "type": "Point",
        "coordinates": [
          103.96128514658888,
          1.3415477120278756
        ]
      }
    },
    {
      "type": "Feature",
      "properties": {
        "featureClass": "station",
        "stationId": "mrt-station:upper-thomson",
        "stationName": "UPPER THOMSON",
        "exitIdentities": [
          "02A569EE1B9EC73B",
          "2313E9492AA32861",
          "3EA737829473A972",
          "7A835D396BF0703F",
          "A00E2C99CAD73E80"
        ],
        "sourceDates": [
          "20251202172807"
        ],
        "lineReferences": [
          "TE8"
        ],
        "sourceDatasetIds": [
          "d_b39d3a0871985372d7e1637193335da5",
          "d_449ee0cec1f9574f8f34712da6f7456f",
          "d_d312a5b127e1ae74299b8ae664cedd4e"
        ],
        "sourceObservedAt": "2026-07-23T03:53:41.031Z"
      },
      "geometry": {
        "type": "Point",
        "coordinates": [
          103.83282056841344,
          1.3545271235855987
        ]
      }
    },
    {
      "type": "Feature",
      "properties": {
        "featureClass": "station",
        "stationId": "mrt-station:woodlands",
        "stationName": "WOODLANDS",
        "exitIdentities": [
          "372C516598D98235",
          "5CB3F601FBDF6CC4",
          "A981B455F405BCC2",
          "ABE9AA34AD7D1F14",
          "AD7053030CB8BF9F",
          "D82504FE62821345",
          "F7F55451430108C4"
        ],
        "sourceDates": [
          "20251202172807"
        ],
        "lineReferences": [
          "NS9",
          "TE2"
        ],
        "sourceDatasetIds": [
          "d_b39d3a0871985372d7e1637193335da5",
          "d_449ee0cec1f9574f8f34712da6f7456f",
          "d_d312a5b127e1ae74299b8ae664cedd4e"
        ],
        "sourceObservedAt": "2026-07-23T03:53:41.031Z"
      },
      "geometry": {
        "type": "Point",
        "coordinates": [
          103.7876268008561,
          1.4361869096379904
        ]
      }
    },
    {
      "type": "Feature",
      "properties": {
        "featureClass": "station",
        "stationId": "mrt-station:woodlands-north",
        "stationName": "WOODLANDS NORTH",
        "exitIdentities": [
          "469EE4BF80F069CC",
          "72D10D55C51FC3F5"
        ],
        "sourceDates": [
          "20251202172807"
        ],
        "lineReferences": [
          "TE1"
        ],
        "sourceDatasetIds": [
          "d_b39d3a0871985372d7e1637193335da5",
          "d_449ee0cec1f9574f8f34712da6f7456f",
          "d_d312a5b127e1ae74299b8ae664cedd4e"
        ],
        "sourceObservedAt": "2026-07-23T03:53:41.031Z"
      },
      "geometry": {
        "type": "Point",
        "coordinates": [
          103.78526567604953,
          1.4484919011018793
        ]
      }
    },
    {
      "type": "Feature",
      "properties": {
        "featureClass": "station",
        "stationId": "mrt-station:woodlands-south",
        "stationName": "WOODLANDS SOUTH",
        "exitIdentities": [
          "2F1F88360B17E436",
          "45D78AD571DA0977",
          "6518624D5602BB64",
          "DADA67E3382ACDE0",
          "E9A31A80A570C976"
        ],
        "sourceDates": [
          "20251202172807"
        ],
        "lineReferences": [
          "TE3"
        ],
        "sourceDatasetIds": [
          "d_b39d3a0871985372d7e1637193335da5",
          "d_449ee0cec1f9574f8f34712da6f7456f",
          "d_d312a5b127e1ae74299b8ae664cedd4e"
        ],
        "sourceObservedAt": "2026-07-23T03:53:41.031Z"
      },
      "geometry": {
        "type": "Point",
        "coordinates": [
          103.79395813934858,
          1.426972273826002
        ]
      }
    },
    {
      "type": "Feature",
      "properties": {
        "featureClass": "station",
        "stationId": "mrt-station:woodleigh",
        "stationName": "WOODLEIGH",
        "exitIdentities": [
          "021A225B04A13444",
          "390C6CA013A0C83B",
          "6AA9CF467B21891C"
        ],
        "sourceDates": [
          "20251202172807"
        ],
        "lineReferences": [
          "NE11"
        ],
        "sourceDatasetIds": [
          "d_b39d3a0871985372d7e1637193335da5",
          "d_449ee0cec1f9574f8f34712da6f7456f",
          "d_d312a5b127e1ae74299b8ae664cedd4e"
        ],
        "sourceObservedAt": "2026-07-23T03:53:41.031Z"
      },
      "geometry": {
        "type": "Point",
        "coordinates": [
          103.87083429229013,
          1.3389870079378268
        ]
      }
    },
    {
      "type": "Feature",
      "properties": {
        "featureClass": "station",
        "stationId": "mrt-station:yew-tee",
        "stationName": "YEW  TEE",
        "exitIdentities": [
          "35EAF4829E8E58D0",
          "3C305BEEF18066B9",
          "992342EAF6984144",
          "A5C5202910FC0B3E"
        ],
        "sourceDates": [
          "20251202172807"
        ],
        "lineReferences": [
          "NS5"
        ],
        "sourceDatasetIds": [
          "d_b39d3a0871985372d7e1637193335da5",
          "d_449ee0cec1f9574f8f34712da6f7456f",
          "d_d312a5b127e1ae74299b8ae664cedd4e"
        ],
        "sourceObservedAt": "2026-07-23T03:53:41.031Z"
      },
      "geometry": {
        "type": "Point",
        "coordinates": [
          103.74726709268903,
          1.397499132778915
        ]
      }
    },
    {
      "type": "Feature",
      "properties": {
        "featureClass": "station",
        "stationId": "mrt-station:yio-chu-kang",
        "stationName": "YIO CHU KANG",
        "exitIdentities": [
          "03DE662B8A72F32A",
          "896C97CCBA89A32A",
          "F73C9CE1485EDFF0"
        ],
        "sourceDates": [
          "20251202172807"
        ],
        "lineReferences": [
          "NS15"
        ],
        "sourceDatasetIds": [
          "d_b39d3a0871985372d7e1637193335da5",
          "d_449ee0cec1f9574f8f34712da6f7456f",
          "d_d312a5b127e1ae74299b8ae664cedd4e"
        ],
        "sourceObservedAt": "2026-07-23T03:53:41.031Z"
      },
      "geometry": {
        "type": "Point",
        "coordinates": [
          103.84480893448905,
          1.3817151830909304
        ]
      }
    },
    {
      "type": "Feature",
      "properties": {
        "featureClass": "station",
        "stationId": "mrt-station:yishun",
        "stationName": "YISHUN",
        "exitIdentities": [
          "4D6714260A96395A",
          "6A53878C399EA119",
          "7CCB5AAD7A692ED6",
          "C2D55B079B8AA456",
          "C551A20E6E342A65"
        ],
        "sourceDates": [
          "20251202172807"
        ],
        "lineReferences": [
          "NS13"
        ],
        "sourceDatasetIds": [
          "d_b39d3a0871985372d7e1637193335da5",
          "d_449ee0cec1f9574f8f34712da6f7456f",
          "d_d312a5b127e1ae74299b8ae664cedd4e"
        ],
        "sourceObservedAt": "2026-07-23T03:53:41.031Z"
      },
      "geometry": {
        "type": "Point",
        "coordinates": [
          103.8350494239018,
          1.4293844756294476
        ]
      }
    }
  ]
}
